Año,Artista,Composición,Género,nacionalidad,escenario,tiempo / escenario,headliner,Dia 
2011,311,Banda,Masculino,Estados Unidos,Coca Cola Zero Stage,60 minutos,No,Domingo
2011,30 Seconds to Mars,Banda,Masculino,Estados Unidos,Coca Cola Zero Stage,60 minutos,No,Domingo
2011,Achu,Banda,Masculino,Chile,Kidzapalooza,45 minutos,No,Sabado
2011,Achu & Los Plumabits,Banda,Mixto,Chile,Kidzapalooza,45 minutos,No,Domingo
2011,Ana Tijoux,Solista,Femenino,Chile,Tech Stage,45 minutos,No,Sabado
2011,Armin Van Buuren,Solista,Masculino,Holanda,LG Stage,120 minutos,No,Domingo
2011,Astro,Banda,Masculino,Chile,Tech Stage,30 minutos,No,Sabado
2011,Ben Harper,Solista,Masculino,Estados Unidos,Claro Stage,60 minutos,No,Sabado
2011,Bomba Estereo,Banda,Mixto,Colombia,Tech Stage,60 minutos,No,Sabado
2011,Boys Noize,Solista,Masculino,Alemania,LG Stage,75 minutos,No,Domingo
2011,Cansei de Ser Sexy,Banda,Mixto,Brazil,Tech Stage,60 minutos,No,Sabado
2011,Cat Power,Solista,Femenino,Estados Unidos,Tech Stage,60 minutos,No,Domingo
2011,Chico Trujillo,Banda,Masculino,Chile,Claro Stage,60 minutos,No,Domingo
2011,Cold War Kids,Banda,Masculino,Estados Unidos,Tech Stage,60 minutos,No,Domingo
2011,Como Asesinar a Felipes,Banda,Masculino,Chile,Tech Stage,30 minutos,No,Domingo
2011,Cuchara,Solista,Masculino,Chile,Kidzapalooza,45 minutos,No,Domingo
2011,Cypress Hill,Banda,Masculino,Estados Unidos,Claro Stage,60 minutos,No,Sabado
2011,Datarock,Banda,Masculino,Noruega,Tech Stage,60 minutos,No,Sabado
2011,Deftones,Banda,Masculino,Estados Unidos,Claro Stage,90 minutos,No,Sabado
2011,Denver,Banda,Mixto,Chile,Tech Stage,30 minutos,No,Sabado
2011,Devendra Banhart,Solista,Masculino,Estados Unidos,Tech Stage,60 minutos,No,Domingo
2011,Devil Presley,Banda,Masculino,Chile,Tech Stage,30 minutos,No,Sabado
2011,Dj Raff,Solista,Masculino,Chile,LG Stage,45 minutos,No,Sabado
2011,Edward Sharpe and the Magnetic Zeros,Banda,Mixto,Estados Unidos,Tech Stage,60 minutos,No,Sabado
2011,Empire of the Sun,Banda,Masculino,Australia,LG Stage,55 minutos,No,Sabado
2011,Fatboy Slim,Solista,Masculino,Reino Unido,LG Stage,90 minutos,No,Sabado
2011,Fischerspooner,Banda,Masculino,Estados Unidos,LG Stage,60 minutos,No,Domingo
2011,Fother Muckers,Banda,Masculino,Chile,Tech Stage,45 minutos,No,Domingo
2011,Fractal & Joe Vasconcellos,Banda,Masculino,Chile,Kidzapalooza,45 minutos,No,Domingo
2011,Francisca Valenzuela,Solista,Femenino,Chile,Claro Stage,30 minutos,No,Sabado
2011,Ghostland Observatory,Banda,Masculino,Estados Unidos,LG Stage,45 minutos,No,Domingo
2011,Ital,Solista,Masculino,Chile,LG Stage,30 minutos,No,Sabado
2011,James,Banda,Masculino,Reino Unido,Coca Cola Zero Stage,60 minutos,No,Sabado
2011,Jane´s Addiction,Banda,Masculino,Estados Unidos,Claro Stage,90 minutos,Si,Domingo
2011,Javiera Mena,Solista,Femenino,Chile,LG Stage,45 minutos,No,Domingo
2011,Joachim Garraud,Solista,Masculino,Francia,LG Stage,75 minutos,No,Sabado
2011,Kanye West,Solista,Masculino,Estados Unidos,Coca Cola Zero Stage,120 minutos,Si,Domingo
2011,Latin Bitman,Solista,Masculino,Chile,LG Stage,45 minutos,No,Sabado
2011,Los Bunkers,Banda,Masculino,Chile,Coca Cola Zero Stage,60 minutos,No,Sabado
2011,Los Pulentos,Banda,Mixto,Chile,Kidzapalooza,45 minutos ,No,Sabado
2011,Los Pulentos,Banda,Mixto,Chile,Kidzapalooza,45 minutos,No,Domingo
2011,Magic Twins,Banda,Masculino,Chile,Kidzapalooza,45 minutos,No,Sabado
2011,Mala Rodriguez,Solista,Femenino,España,Coca Cola Zero Stage,60 minutos,No,Domingo
2011,Matanza,Banda,Masculino,Chile,LG Stage,45 minutos,No,Domingo
2011,Mundano,Banda,Masculino,Chile,Tech Stage,30 minutos,No,Domingo
2011,New Kids on the Noise,Banda,Masculino,Chile,LG Stage,45 minutos,No,Sabado
2011,Perry Etty v/s Chris Cox,Banda,Masculino,Estados Unidos,LG Stage,75 minutos,No,Sabado
2011,Quique Neira,Solista,Masculino,Chile,Claro Stage,30 minutos,No,Domingo
2011,Steel Pulse,Banda,Masculino,Reino Unido,Claro Stage,60 minutos,No,Sabado
2011,Sublime,Banda,Masculino,Estados Unidos,Claro Stage,60 minutos,No,Domingo
2011,TBD,Banda,Masculino,Estados Unidos,Kidzapalooza,45 minutos,No,Sabado
2011,The Drums,Banda,Masculino,Estados Unidos,Tech Stage,60 minutos,No,Domingo
2011,The Flaming Lips,Banda,Masculino,Estados Unidos,Coca Cola Zero Stage,60 minutos,No,Domingo
2011,The Ganjas,Banda,Masculino,Chile,Tech Stage,30 minutos,No,Domingo
2011,The Killers,Banda,Masculino,Estados Unidos,Coca Cola Zero Stage,120 minutos,Si,Sabado
2011,The National,Banda,Masculino,Estados Unidos,Coca Cola Zero Stage,60 minutos,No,Sabado
2011,Todos Tus Muertos,Banda,Masculino,Argentina,Claro Stage,60 minutos,No,Domingo
2011,Toy Selectah,Solista,Masculino,Mexico,LG Stage,60 minutos,No,Domingo
2011,Zeta Bosio,Solista,Masculino,Argentina,LG Stage,45 minutos,No,Sabado
2012,31 minutos,Banda,Mixto,Chile,Kidzapalooza,45 minutos,No,Sabado
2012,31 minutos,Banda,Mixto,Chile,Kidzapalooza,45 minutos,No,domingo
2012,Above & Beyond,banda,Masculino,Reino Unido,Perry´s Stage,90 minutos,No,Domingo
2012,Adanowsky ,Solista,Masculino,Chile,Alternative Stage,45 minutos,No,Sabado
2012,Adrianigual,Banda,Masculino,Chile,Perry´s Stage,45 minutos,No,Sabado
2012,Alex Anwandter,Solista,Masculino,Chile,Alternative Stage,45 minutos,No,domingo
2012,Anitchie,Banda,Masculino,Chile,Kidzapalooza,45 minutos,No,domingo
2012,Artic Monkeys,Banda,Masculino,Reino Unido,Coca Cola Stage,90 minutos,Si,Sabado
2012,Band of Horses,Banda,Masculino,Estados Unidos,Claro-lg Stage,60 minutos,No,domingo
2012,Bassnectar,Solista,Masculino,Estados Unidos,Perry´s Stage,75 minutos,No,Sabado
2012,BBS Paranoicos,Banda,Masculino,Chile,Claro-lg Stage,45 minutos,No,domingo
2012,Beat Calaveras,Banda,Mixto,Chile,Huntcha Stage,45 minutos,No,Sabado
2012,Bjork,Solista,Femenino,Islandia,Claro-Lg Stage,90 minutos,Si,Sabado
2012,Cage The Elephant,Banda,Masculino,Estados Unidos,Claro-Lg Stage,75 minutos,No,Sabado
2012,Calvin Harris,Solista,Masculino,Reino Unido,Perry´s Stage,90 minutos,No,Sabado
2012,Camila Moreno ,Solista,Femenino,Chile,Coca Cola Stage,45 minutos,No,domingo
2012,Crosses,Banda,Masculino,Estados Unidos,Alternative Stage,60 minutos,No,Sabado
2012,Dion,Banda,Masculino,Chile,Huntcha Stage,45 minutos,No,Sabado
2012,El Sueño de la Casa Propia,Banda,Masculino,Chile,Perry´s Stage,45 minutos,No,Sabado
2012,Electrodomesticos,Banda,Mixto,Chile,Alternative Stage,60 minutos,No,Sabado
2012,Fernando Milagros,Solista,Masculino,Chile,Huntcha Stage,45 minutos,No,domingo
2012,Follazkoid,Banda,Mixto,Chile,Huntcha Stage,45 minutos,No,Sabado
2012,Foo Fighters,Banda,Masculino,Estados Unidos,Claro-lg Stage,150 minutos,Si,Domingo
2012,Foster the People,Banda,Masculino,Estados Unidos,Claro-lg Stage,60 minutos,No,domingo
2012,Friendly Fires,Banda,Masculino,Reino Unido,Coca Cola Stage,60 minutos,No,domingo
2012,Gentleman,Solista,Masculino,Alemania,Claro-Lg Stage,60 minutos,No,Sabado
2012,Gogol Bardello,Banda,Mixto,Estados Unidos,Coca Cola Stage,75 minutos,No,Sabado
2012,Gush,Banda,Femenino,Chile,Huntcha Stage,45 minutos,No,domingo
2012,Gustavo Cordera,Solista,Masculino,Argentina,Coca Cola Stage,60 minutos,No,Sabado
2012,Hoppo!,Banda,Masculino,Mexico,Alternative Stage,45 minutos,No,Sabado
2012,Illya Kuryaki & The Valderramas,banda,Masculino,Argentina,Alternative Stage,75 minutos,No,domingo
2012,Inti-Illimani Histórico,Banda,Masculino,Chile,Kidzapalooza,45 minutos,No,Sabado
2012,Jiminelson,Banda,Masculino,Chile,Huntcha Stage,45 minutos,No,domingo
2012,Joan Jett & The Blackhearts,Banda,Mixto,Estados Unidos,Claro-lg Stage,75 minutos,No,Domingo
2012,Juanafe,Banda,Masculino,Chile,Alternative Stage,45 minutos,No,domingo
2012,La Mala Senda,Banda,Masculino,Chile,Huntcha Stage,45 minutos,No,Sabado
2012,Los Jaivas,Banda,Mixto,Chile,Coca Cola Stage,75 minutos,No,Sabado
2012,Los Plumabits,Banda,Mixto,Chile,Kidzapalooza,45 minutos,No,Sabado
2012,Los Tetas,Banda,Masculino,Chile,Alternative Stage,60 minutos,No,Sabado
2012,Mawashi ,banda,Masculino,Chile,Perry´s Stage,45 minutos,No,domingo
2012,Mazapan,Banda,Femenino,Chile,Kidzapalooza,45 minutos,No,domingo
2012,MC Billeta,Solista,Masculino,Chile,Kidzapalooza,45 minutos,No,Sabado
2012,MGMT,Banda,Masculino,Estados Unidos,Coca Cola Stage,90 minutos,Si,domingo
2012,Morodo,Solista,Masculino,España,Alternative Stage,60 minutos,No,domingo
2012,Newen Afrobeat,Banda,Mixto,Chile,Huntcha Stage,45 minutos,No,domingo
2012,Peaches,Solista,Femenino,Canada,Alternative Stage,60 minutos,No,domingo
2012,Pedropiedra,Solista,Masculino,Chile,Claro-Lg Stage,45 minutos,No,Sabado
2012,Perry Etty v/s Chris Cox,banda,Masculino,Estados Unidos,Perry´s Stage,75 minutos,No,Domingo
2012,Plebe Rude,Banda,Masculino,Brazil,Alternative Stage,45 minutos,No,Sabado
2012,Pretty Lights,Solista,Masculino,Estados Unidos,Perry´s Stage,75 minutos,No,Sabado
2012,Pulenta,Banda,Mixto,Chile,Huntcha Stage,45 minutos,No,Sabado
2012,Ritmo Bobo,Banda,Masculino,Mixto,Perry´s Stage,60 minutos,No,Sabado
2012,Silvestre,Banda,Masculino,Chile,Huntcha Stage,75 minutos,No,Sabado
2012,Skrillex,Solista,Masculino,Estados Unidos,Perry´s Stage,90 minutos ,No,Domingo
2012,Soul And Sensses,Solista,Masculino,Chile,Perry´s Stage,60 minutos,No,Domingo
2012,Surtek Collective,Banda,Masculino,Alemania,Perry´s Stage,75 minutos,No,Sabado
2012,Systema Solar,Banda,Masculino,Colombia,Alternative Stage,45 minutos,No,domingo
2012,The Crystal Method,banda,Masculino,Estados Unidos,Perry´s Stage,60 minutos,No,Domingo
2012,Thievery Corporation,Banda,Masculino,Estados Unidos,Claro-Lg Stage,75 minutos,No,Sabado
2012,Tinieh Tempah,Solista,Masculino,Reino Unido,Perry´s Stage,60 minutos,No,Domingo
2012,TV on the Radio,Banda,Masculino,Estados Unidos,Coca Cola Stage,75 minutos,No,domingo
2012,We Are The Grand,Banda,Masculino,Chile,Huntcha Stage,45 minutos,No,domingo
2012,Yael Meyer,Solista,Femenino,Chile,Huntcha Stage,45 minutos,No,domingo
2013,A perfect Circle,Banda,Mixto,Estados Unidos,Claro Stage,75 minutos,No,domingo
2013,Agents,Banda,Mixto,Chile,Lotus Stage,60 minutos,No,domingo
2013,Alabama Shakes,Banda,Mixto,Estados Unidos,Alternative Stage,60 minutos,No,Sabado
2013,Amadau & Mariam,Banda,Mixto,Mali,Kidzapalooza,60 minutos,No,domingo
2013,Bad Brains,Banda,Masculino,Estados Unidos,Alternative Stage,60 minutos,No,domingo
2013,Banda Conmocion,Banda,Femenino,Chile,Coca Cola Stage,45 minutos,No,Sabado
2013,Cachureos,Banda,Mixto,Chile,Kidzapalooza,45 minutos ,No,Sabado
2013,Cachureos,Banda,Mixto,Chile,Kidzapalooza,45 minutos,No,domingo
2013,Carla Morrison,Solista,Femenino,Mexico,Alternative Stage,45 minutos,No,Sabado
2013,Chancho en Piedra,Banda,Masculino,Chile,Coca Cola Stage,45 minutos,No,Sabado
2013,Crystal Castles,Banda,Mixto,Canada,LG Optimus Stage,60 minutos,No,Sabado
2013,Daniel klauser,Solista,Masculino,Chile,Lg Optimus Stage,60 minutos,No,domingo
2013,De Saloon,Banda,Masculino,Chile,Coca Cola Stage,45 minutos,No,domingo
2013,DeadMau5,Solista,Masculino,Canada,Coca Cola Stage,90 minutos,No,domingo
2013,Dj Marky,Solista,Masculino,Brazil,LG Optimus Stage,75 minutos,No,Sabado
2013,Dread Mar I,Solista,Masculino,Argentina,Alternative Stage,60 minutos,No,Sabado
2013,Feed Me,Solista,Masculino,Reino Unido,Lg Optimus Stage,75 minutos,No,domingo
2013,Foals ,Banda,Masculino,Estados Unidos,Alternative Stage,60 minutos,No,domingo
2013,Franz Ferdinand,Banda,Mixto,Reino Unido,Coca Cola Stage,75 minutos,No,domingo
2013,Gary Clark Jr,Solista,Masculino,Estados Unidos,Claro Stage,60 minutos,No,domingo
2013,Gepe ,Solista,Masculino,Chile,Claro Stage,45 minutos,No,Sabado
2013,Hot Chip,Banda,Masculino,Estados Unidos,Alternative Stage,90 minutos,No,domingo
2013,Intimate Stranger,Banda,Mixto,Chile,Lotus Stage,60 minutos,No,Sabado
2013,Kaiser Chiefs,Banda,Masculino,Reino Unido,Coca Cola Stage,60 minutos,No,Sabado
2013,Kali Mutsa,Banda,Mixto,chile,Lotus Stage,60 minutos,No,domingo
2013,Kaskade,Solista,Masculino,Estados Unidos,LG Optimus Stage,90 minutos,No,Sabado
2013,Keane,Banda,Masculino,Reino Unido,Coca Cola Stage,75 minutos,No,domingo
2013,Keko Yoma,Banda,Masculino,Chile,Lotus Stage,60 minutos,No,Sabado
2013,Los Plumabits,Banda,Mixto,Chile,Kidzapalooza,45 minutos,No,Sabado
2013,Los Tres,Banda,Masculino,Chile,Claro Stage,60 minutos,No,Sabado
2013,Mago Oli,Solista,Masculino,Chile,Kidzapalooza,45 minutos,No,domingo
2013,Major Lazer,Banda,Masculino,Estados Unidos,LG Optimus Stage,90 minutos,No,Sabado
2013,Manuel Garcia,Solista,Masculino,Chile,Coca Cola Stage,45 minutos,No,domingo
2013,Marcelo D2,Solista,Masculino,Brazil,Alternative Stage,60 minutos,No,domingo
2013,Mecanico,Banda,Masculino,Chile,LG Optimus Stage,45 minutos,No,Sabado
2013,Nas,Solista,Masculino,Estados Unidos,Lg Optimus Stage,60 minutos,No,domingo
2013,Of Monsters and Men,Banda,Mixto,Islandia,Coca Cola Stage,60 minutos,No,Sabado
2013,Pascuala illabaca y la Fauna,Solista,Femenino,Chile,Lotus Stage,60 minutos,No,Sabado
2013,Passion Pit,Banda,Masculino,Estados Unidos,Alternative Stage,60 minutos,No,Sabado
2013,Pearl Jam,Banda,Masculino,Estados Unidos,Claro Stage,135 minutos,Si,Sabado
2013,Perrosky,Banda,Masculino,Chile,Claro Stage,45 minutos,No,domingo
2013,Poncho,Banda,Masculino,Argentina,Lg Optimus Stage,60 minutos,No,domingo
2013,Porter Robinson,Solista,Masculino,Estados Unidos,Lg Optimus Stage,75 minutos,No,domingo
2013,Protistas,Banda,Masculino,Chile,Lotus Stage,60 minutos,No,domingo
2013,Puscifer,Banda,Mixto,Estados Unidos,Alternative Stage,60 minutos,No,Sabado
2013,Queens Of The Stone Age,Banda,Masculino,Estados Unidos,Coca Cola Stage,90 minutos,No,Sabado
2013,Red Obivlion,Banda,Mixto,Estados Unidos,Lotus Stage,60 minutos,No,domingo
2013,Resina Lala,Banda,Mixto,Colombia,Lotus Stage,60 minutos,No,domingo
2013,Russian Red,Solista,Femenino,España,Alternative Stage,60 minutos,No,domingo
2013,Sinergia,Banda,Masculino,Chile,Kidzapalooza,45 minutos,No,Sabado
2013,Steve Aoki,Solista,Masculino,Estados Unidos,Lg Optimus Stage,90 minutos,No,domingo
2013,The Black Keys,Banda,Masculino,Estados Unidos,Claro Stage,90 minutos,Si,domingo
2013,The Hives,Banda,Masculino,Suecia,Claro Stage,75 minutos,No,Sabado
2013,The Temper Trap,Banda,Masculino,Australia,Alternative Stage,60 minutos,No,Sabado
2013,Tomahawk,Banda,Masculino,Estados Unidos,Claro Stage,75 minutos,No,domingo
2013,Toro y Moi,Solista,Masculino,Estados Unidos,Alternative Stage,60 minutos,No,domingo
2013,Transubhiriano,Banda,Mixto,Chile,Kidzapalooza,45 minutos,No,domingo
2013,Treboles,Banda,Masculino,Chile,Lotus Stage,60 minutos,No,Sabado
2013,Two Door Cinema Club Foster the People,Banda,Masculino,Reino Unido,Claro Stage,60 minutos,No,Sabado
2013,Zeds Dead,Banda,Masculino,Estados Unidos,LG Optimus Stage,75 minutos,No,Sabado
2013,Zonora Point,Banda,Masculino,Chile,Lotus Stage,60 minutos,No,Sabado
2014,31 minutos,Banda,Mixto,Chile,Kidzapalooza,45 minutos,No,Sabado
2014,31 minutos,Banda,Mixto,Chile,Kidzapalooza,45 minutos,No,domingo
2014,AFI,Banda,Masculino,Estados Unidos,Playstation Stage,60 minutos ,No,Sabado
2014,Alejandro Vivanco,Solista,Masculino,chile,LG G2 Stage,60 minutos,No,domingo
2014,Ana Tijoux,Solista,Femenino,chile,Coca Cola Stage,60 minutos,No,domingo
2014,Arcade Fire,Banda,Mixto,Estados Unidos,Coca Cola Stage,90 minutos,Si,domingo
2014,Axwell,Solista,Masculino,Suecia,LG G2 Stage,90 minutos,No,domingo
2014,Baauer,Solista,Masculino,Estados Unidos,LG G2 Stage,75 minutos,No,Sabado
2014,Banda Coca Cola FM,Banda,Masculino,Chile,Kidzapalooza,45 minutos,No,Sabado
2014,Cafe Tacvba,Banda,Masculino,Mexico,Claro Stage,60 minutos,No,Sabado
2014,Cage The Elephant,Banda,Masculino,Estados Unidos,Coca Cola Stage,60 minutos,no,Sabado
2014,Cantando aprendo a hablar,Banda,Mixto,chile,Kidzapalooza,45 minutos,No,Sabado
2014,Capital Cities,Banda,Masculino,Estados Unidos,Playstation Stage,60 minutos,No,Sabado
2014,Dr Vena,Banda,Masculino,Chile,Paris Stage,45 minutos,No,Sabado
2014,Ellie Goulding,Solista,Femenino,Reino Unido,Coca Cola Stage,75 minutos,no,Sabado
2014,Fat Pablo,Solista,Masculino,Chile,LG G2 Stage,60 minutos,No,Sabado
2014,Flume,Solista,Masculino,Australia,LG G2 Stage,60 minutos,No,Sabado
2014,Flux Pavilion,Solista,Masculino,Reino Unido,LG G2 Stage,60 minutos,No,domingo
2014,Francisca Valenzuela,Solista,Femenino,Chile,Playstation Stage,60 minutos,No,Sabado
2014,Hoppo!,Banda,Masculino,chile,Claro Stage,45 minutos,No,domingo
2014,Hordatoj,Solista,Masculino,Chile,Paris Stage,45 minutos,No,Sabado
2014,Imagine Dragons,Banda,Masculino,Estados Unidos,Claro Stage,60 minutos,No,Sabado
2014,Inti illimani,Banda,Masculino,chile,Playstation Stage,60 minutos,No,domingo
2014,Jake Bugg,Solista,Masculino,Reino Unido,Playstation Stage,60 minutos,No,Sabado
2014,Joe Vasconcellos,Solista,Masculino,Chile,Claro Stage,60 minutos,No,Sabado
2014,Johnny Marr,Solista,Masculino,Reino Unido,Coca Cola Stage,60 minutos,No,domingo
2014,Jovanotti,Solista,Masculino,Italia,Playstation Stage,60 minutos,No,domingo
2014,Julian Casablancas,Solista,Masculino,Estados Unidos,Claro Stage,60 minutos,No,domingo
2014,Kid Cudi,Solista,Masculino,Estados Unidos,LG G2 Stage,75 minutos,No,domingo
2014,Krewella,Banda,Femenino,Estados Unidos,LG G2 Stage,75 minutos,No,domingo
2014,Lance Herbstong,Banda,Masculino,Estados Unidos,LG G2 Stage,60 minutos,No,Sabado
2014,Lorde,Solista,Femenino,Australia,Playstation Stage,60 minutos,No,domingo
2014,Lucybell,Banda,Masculino,Chile,Coca Cola Stage,60 minutos,no,Sabado
2014,Mista Dijah,Solista,Masculino,chile,Paris Stage,45 minutos,No,domingo
2014,Monsieur Periné,Banda,Mixto,Colombia,Paris Stage,45 minutos,No,domingo
2014,Movimiento Original,Banda,Masculino,Chile,Coca Cola Stage,45 minutos,No,Sabado
2014,Nacao Zumbi,Banda,Masculino,Brazil,Paris Stage,45 minutos,No,Sabado
2014,Nano Stern,Solista,Masculino,Chile,Playstation Stage,60 minutos,No,Sabado
2014,Natalia Contesse,Solista,Femenino,Chile,Kidzapalooza,45 minutos,No,domingo
2014,Natallia Lafourcade,Solista,Femenino,Mexico,Playstation Stage,45 minutos,No,domingo
2014,New Order,Banda,Mixto,Reino Unido,Playstation Stage,75 minutos,No,domingo
2014,Nicole,Solista,Femenino,chile,Paris Stage,60 minutos,No,domingo
2014,Nine Inch Nails,Banda,Masculino,Estados Unidos,Coca Cola Stage,90 minutos,Si,Sabado
2014,Niño Cohete,Banda,Masculino,chile,Paris Stage,45 minutos,No,domingo
2014,Onda Vaga,Banda,Masculino,Uruguay,Paris Stage,60 minutos,No,Sabado
2014,Orixango,Banda,Mixto,Chile,Kidzapalooza,45 minutos,No,Sabado
2014,Perretty,Solista,Masculino,Estados Unidos,LG G2 Stage,60 minutos,No,domingo
2014,Phoenix,Banda,Masculino,Francia,Claro Stage,75 minutos,No,Sabado
2014,Pixies,Banda,Mixto,Estados Unidos,Claro Stage,75 minutos,No,domingo
2014,Portugal The Man,Banda,Mixto,Estados Unidos,Claro Stage,60 minutos,No,domingo
2014,Power Peralta,Banda,Masculino,Chile,Kidzapalooza,45 minutos,No,domingo
2014,Prefiero Fernandez,Banda,Masculino,Chile,Paris Stage,45 minutos,No,Sabado
2014,Rama ,Banda,Masculino,chile,Paris Stage,45 minutos,No,domingo
2014,red hot chili peppers,Banda,Masculino,Estados Unidos,Claro Stage,105 minutos,Si,Sabado
2014,Red Obivlion,Banda,Mixto,Estados Unidos,Playstation Stage,45 minutos,No,domingo
2014,Sanfuentes,Solista,Masculino,chile,LG G2 Stage,60 minutos,No,domingo
2014,Santobando,Banda,Mixto,Chile,Playstation Stage,45 minutos,No,Sabado
2014,Savages,Banda,Femenino,Reino Unido,Playstation Stage,60 minutos,No,domingo
2014,Somos Manhattan,Banda,Mixto,chile,Paris Stage,45 minutos,No,domingo
2014,Soundgarden,Banda,Masculino,Estados Unidos,Claro Stage,120 minutos,Si,domingo
2014,The Bloody Beetroots,Solista,Masculino,Italia,LG G2 Stage,75 minutos,No,Sabado
2014,The Wailers,Banda,Mixto,Jamaica,Playstation Stage,75 minutos,No,Sabado
2014,Tikitiklip,Banda,Mixto,Chile,Kidzapalooza,45 minutos,No,domingo
2014,Upa!,Banda,Masculino,Chile,Paris Stage,45 minutos,No,Sabado
2014,Vampire Weekend,Banda,Masculino,chile,Coca Cola Stage,75 minutos,No,domingo
2014,We are The Grand,Banda,Masculino,chile,Coca Cola Stage,45 minutos,No,domingo
2014,Wolfgang Garnter,Solista,Masculino,Estados Unidos,LG G2 Stage,75 minutos,No,Sabado
2014,Zedd,Solista,Masculino,Rusia,LG G2 Stage,90 minutos,No,Sabado
2015,3x7 veintiuna,Banda,Masculino,chile,Kidzapalooza,45 minutos,No,Sabado
2015,Abya Yala,Banda,Mixto,chile,Acer Stage,45 minutos,no,Sabado
2015,AFRIK,solista,Masculino,Chile,D-Box VTR Stage,60 minutos,No,domingo
2015,Alt-J,Banda,Masculino,Reino Unido,Coca Cola Stage,60 minutos,No,domingo
2015,Ana Tijoux,Solista,Femenino,Chile,Acer Stage,75 minutos,No,Sabado
2015,Astro,Banda,Masculino,Chile,VTR Stage,45 minutos,No,Domingo
2015,ATOM,solista,Masculino,Estados Unidos,D-Box VTR Stage,60 minutos,No,domingo
2015,Bastille,Banda,Masculino,Reino Unido,VTR Stage,60 minutos,No,domingo
2015,Calvin Harris,Solista,Masculino,Reino Unido,Coca Cola Stage,75 minutos,No,domingo
2015,Camila Moreno ,Solista,Femenino,Chile,Acer Stage,60 minutos,No,Sabado
2015,Carnage,Solista,Masculino,Estados Unidos,d-Box VTR Stage,60 minutos,No,Sabado
2015,Chancho en Piedra & Los Tetas,Banda,Masculino,Chile,Acer Stage,60 minutos,No,Sabado
2015,Chet Faker,Solista,Masculino,Australia,Acer Stage,60 minutos,No,domingo
2015,Chinoy,Solista,Masculino,Chile,Lotus Stage,60 minutos,No,Sabado
2015,Coffeehouse,Banda,Masculino,Chile,Acer Stage,30 minutos,No,domingo
2015,Congreso,Banda,Masculino,chile,Coca Cola Stage,60 minutos,No,Sabado
2015,Cypress Hill,Banda,Masculino,Estados Unidos,D-Box VTR Stage,75 minutos,No,domingo
2015,Dead Crhistine,Banda,Mixto,Chile,Lotus Stage,30 minutos,No,domingo
2015,Demian Marley,Solista,Masculino,Jamaica,Acer Stage,60 minutos,No,domingo
2015,Dillon Francis,Solista,Masculino,Estados Unidos,d-Box VTR Stage,60 minutos,No,Sabado
2015,DJ CASO,Solista,Masculino,Chile,d-Box VTR Stage,60 minutos,No,Sabado
2015,Dj Snake,Solista,Masculino,francia,D-Box VTR Stage,75 minutos,No,domingo
2015,Donavon Frankenreiter,Solista,Masculino,Estados Unidos,VTR Stage,60 minutos,No,Sabado
2015,Esteman,Solista,Masculino,Colombia,Lotus Stage,60 minutos,No,Sabado
2015,Farmacos,Banda,Mixto,Chile,Lotus Stage,30 minutos,No,domingo
2015,Fernando Milagros,Solista,Masculino,Chile,VTR Stage,45 minutos,No,Sabado
2015,Foster the People,Banda,Masculino,Estados Unidos,Coca Cola Stage,75 minutos,No,Sabado
2015,Heavysaurios,Banda,Mixto,Argentina,Kidzapalooza,45 minutos,No,domingo
2015,Hielo Negro,Banda,Masculino,chile,Lotus Stage,45 minutos,No,Sabado
2015,interpol,Banda,Masculino,Estados Unidos,Acer Stage,75 minutos,No,domingo
2015,Jack White,Solista,Masculino,Estados Unidos,VTR Stage,120 minutos,Si,Sabado
2015,Javiera y los imposibles,Solista,Mixto,chile,Lotus Stage,60 minutos,No,Sabado
2015,Kasabian,Banda,Masculino,Reino Unido,Coca Cola Stage,75 minutos,No,domingo
2015,Kill The Noise,Solista,Masculino,Estados Unidos,d-Box VTR Stage,60 minutos,No,Sabado
2015,Kings of leon,Banda,Masculino,Estados Unidos,VTR Stage,90 minutos,Si,domingo
2015,La ciscu Margaret,Banda,Masculino,chile,Kidzapalooza,45 minutos,No,Sabado
2015,Las aventuras del barco volador,Banda,Mixto,Chile,Kidzapalooza,45 minutos,No,domingo
2015,Lilits,Banda,Femenino,Chile,Lotus Stage,45 minutos,No,domingo
2015,Lopez,Banda,Masculino,Chile,Coca Cola Stage,45 minutos,No,Sabado
2015,Los Plumabits,Banda,Mixto,chile,Kidzapalooza,45 minutos,No,domingo
2015,Lumumba,Banda,Masculino,Argentina,Coca Cola Stage,60 minutos,No,domingo
2015,Major Lazer,Banda,Masculino,Estados Unidos,D-Box VTR Stage,90 minutos,No,domingo
2015,Manu Da Banda,Banda,Mixto,Chile,Lotus Stage,45 minutos,No,Sabado
2015,Maria Magdalena,solista,Femenino,Chile,Lotus Stage,45 minutos,No,domingo
2015,Marineros,Banda,Femenino,Chile,Lotus Stage,30 minutos,No,Sabado
2015,Mass Mental,Banda,Masculino,Estados Unidos,Acer Stage,45 minutos,No,domingo
2015,MATANZA,Banda,Masculino,Chile,d-Box VTR Stage,60 minutos,No,Sabado
2015,Maxi Trusso,Solista,Masculino,Argentina,Acer Stage,45 minutos,no,Sabado
2015,Miss Garrison,Banda,Mixto,Chile,Lotus Stage,60 minutos,No,domingo
2015,MKRNI,Banda,Mixto,Chile,d-Box VTR Stage,60 minutos,No,Sabado
2015,Molotov,Banda,Masculino,Mexico,Coca Cola Stage,60 minutos,No,Sabado
2015,Mosquitas Muertas,Banda,Mixto,chile,Kidzapalooza,45 minutos,No,domingo
2015,Nicky Romero,Solista,Masculino,Holanda,d-Box VTR Stage,90 minutos,No,Sabado
2015,Oh Margot!,Banda,Mixto,Chile,Lotus Stage,30 minutos,No,Sabado
2015,Pedro Piedra,Solista,Masculino,Chile,Coca Cola Stage,45 minutos,No,domingo
2015,Portavoz,Solista,Masculino,Chile,Acer Stage,45 minutos,No,domingo
2015,Power Peralta,Banda,Masculino,Chile,Kidzapalooza,45 minutos,No,Sabado
2015,Quique Neira,Solista,Masculino,Chile,VTR Stage,45 minutos,No,Domingo
2015,Ritmo Machine,Banda,Masculino,Chile,d-Box VTR Stage,60 minutos,No,Sabado
2015,Robert Plant,Solista,Masculino,Reino Unido,VTR Stage,75 minutos,No,domingo
2015,Rudimental,Banda,Masculino,Reino Unido,D-Box VTR Stage,60 minutos,No,domingo
2015,RVSB,Banda,Masculino,Chile,D-Box VTR Stage,60 minutos,No,domingo
2015,SBTRKT,solista,Masculino,Reino Unido,Acer Stage,60 minutos,No,domingo
2015,Skrillex,Solista,Masculino,Estados Unidos,Coca Cola Stage,90 minutos,Si,Sabado
2015,ST Vicent,Solista,Femenino,Estados Unidos,Acer Stage,75 minutos,No,Sabado
2015,The Helmets,Banda,Mixto,Chile,Kidzapalooza,45 minutos,No,Sabado
2015,The Kooks,Banda,Masculino,Reino Unido,VTR Stage,60 minutos,No,Sabado
2015,the last internationale,Banda,Mixto,Estados Unidos,Acer Stage,60 minutos,No,domingo
2015,The Smashing Pumpkins,Banda,Mixto,Estados Unidos,VTR Stage,75 minutos,No,Sabado
2015,The Specials,Banda,Masculino,Reino Unido,VTR Stage,60 minutos,No,domingo
2015,Tinariwen,Banda,Mixto,Mali,Lotus Stage,60 minutos,No,domingo
2015,Yajaira,Banda,Masculino,Chile,Lotus Stage,60 minutos,No,domingo
2015,Zaturno,Solista,Masculino,chile,Acer Stage,60 minutos,No,Sabado
2016,A-Trak,Solista,Masculino,Canada,Perry's Stage by VTR	,60 minutos,No,domingo
2016,Aguaturbia,Banda,Mixto,chile,Lotus Stage,60 minutos,No,domingo
2016,Alabama Shakes,Banda,Mixto,Estados Unidos,VTR Stage,60 minutos,No,domingo
2016,Albert Hammond Jr,solista,Masculino,Estados Unidos,Itau Stage,60 minutos,No,Sabado
2016,Ases Falsos,Banda,Masculino,chile,Itau Stage,45 minutos,No,Sabado
2016,Babasonicos,Banda,Masculino,Argentina,Itau Stage,60 minutos,No,domingo
2016,Bad Religion,Banda,Masculino,Estados Unidos,Itau Stage,60 minutos,No,domingo
2016,Bitman & Roban,Banda,Masculino,Chile,Perry's Stage by VTR	,60 minutos,No,Sabado
2016,Brandon Flowers,solista,Masculino,Estados Unidos,Itau Stage,60 minutos,No,domingo
2016,cachureos,Banda,Mixto,chile,Kidzapalooza,45 minutos,No,Sabado
2016,Candlebox,Banda,Masculino,estados Unidos,Acer Windows 10 Stage,60 minutos,No,Sabado
2016,Cantando aprendo a hablar,Banda,Mixto,chile,Kidzapalooza,45 minutos,No,domingo
2016,Despertando Las neuronas,Banda,Mixto,chile,Kidzapalooza,45 minutos,No,Sabado
2016,Die Antwoord,Banda,Mixto,Sudafrica,Acer Windows 10 Stage,75 minutos,No,domingo
2016,Dj Who,solista,Masculino,Chile,Perry's Stage by VTR	,60 minutos,No,Sabado
2016,Duke Dumont,solista,Masculino,estados Unidos,Perry's Stage by VTR	,60 minutos,No,Sabado
2016,eagles of death metal,Banda,Masculino,estados Unidos,VTR Stage,60 minutos,No,Sabado
2016,Eminem,solista,Masculino,estados Unidos,VTR Stage,90 minutos,Si,Sabado
2016,Florcita Motuda,Solista,Masculino,chile,Kidzapalooza,45 minutos,No,domingo
2016,Florence and The Machine,solista,Femenino,Reino Unido,VTR Stage,80 minutos,Si,domingo
2016,Flosstradamus,Banda,Masculino,Estados Unidos,Perry's Stage by VTR	,60 minutos,No,Sabado
2016,Follazkoid,Banda,Mixto,chile,Lotus Stage,60 minutos,No,Sabado
2016,Gepe,solista,Masculino,chile,Acer Windows 10 Stage,75 minutos,No,Sabado
2016,Ghost,Banda,Masculino,Suecia,Acer Windows 10 Stage,60 minutos,No,domingo
2016,Gramatik,Solista,Masculino,Eslovenia,Perry's Stage by VTR	,60 minutos,No,domingo
2016,Halsey,solista,Femenino,estados Unidos,Acer Windows 10 Stage,60 minutos,No,Sabado
2016,Haumoana,Banda,Masculino,chile,Kidzapalooza,45 minutos,No,domingo
2016,Jack Novak,solista,Femenino,Estados Unidos,Perry's Stage by VTR	,60 minutos,No,Sabado
2016,Jack U,Banda,Masculino,estados Unidos,Itau Stage,90 minutos,si,Sabado
2016,Javiera Mena,solista,Femenino,chile,Itau Stage,60 minutos,No,Sabado
2016,Jiminelson,solista,Masculino,chile,Acer Windows 10 Stage,45 minutos,No,Sabado
2016,Julius Popper,Banda,Masculino,Chile,Lotus Stage,45 minutos,No,Sabado
2016,Jungle,Banda,Mixto,reino Unido,VTR Stage,60 minutos,No,Sabado
2016,Kaskade,Solista,Masculino,Estados Unidos,Perry's Stage by VTR	,75 minutos,No,domingo
2016,Kuervos del Sur,Banda,Masculino,chile,Lotus Stage,45 minutos,No,Sabado
2016,La Guacha,Banda,Mixto,Chile,Lotus Stage,45 minutos,No,domingo
2016,Magaly Fields,Banda,Masculino,Chile,Lotus Stage,45 minutos,no,Sabado
2016,Magia Real,Banda,Mixto,chile,Kidzapalooza,45 minutos,No,Sabado
2016,Marisa and the Diamonds,Solista,Femenino,Reino Unido,Acer Windows 10 Stage,60 minutos,No,domingo
2016,Matthew Koma ,Solista,Masculino,Estados Unidos,Perry's Stage by VTR	,60 minutos,No,domingo
2016,Mike Tompkins,Solista,Masculino,Reino Unido,Kidzapalooza,45 minutos,No,domingo
2016,Movimiento Original,Banda,Masculino,chile,VTR Stage,45 minutos,No,Sabado
2016,Mumford & Sons,Banda,Masculino,Reino Unido,Itau Stage,90 minutos,Si,domingo
2016,noel gallagher's high flying birds,Banda,Masculino,reino Unido,VTR Stage,75 minutos,No,domingo
2016,Oddó,Banda,Masculino,Chile,Lotus Stage,45 minutos,No,domingo
2016,Odesza,Banda,Masculino,Estados Unidos,Acer Windows 10 Stage,60 minutos,No,domingo
2016,Of Monsters and men,Banda,Mixto,islandia,Itau Stage,75 minutos,No,Sabado
2016,Planeta No,Banda,Masculino,Chile,Lotus Stage,45 minutos,No,domingo
2016,RL Grime,Solista,Masculino,estados Unidos,Perry's Stage by VTR	,75 minutos,No,domingo
2016,School of Rock,Banda,Mixto,chile,Kidzapalooza,45 minutos,No,Sabado
2016,Seeed,Banda,Masculino,Alemania,Acer Windows 10 Stage,60 minutos,No,domingo
2016,Stone Giant,Banda,Masculino,Estados Unidos,Lotus Stage,45 minutos,No,domingo
2016,Tame Impala,Banda,Masculino,Australia,VTR Stage,75 minutos,No,Sabado
2016,Telebit,Banda,Masculino,chile,Lotus Stage,45 minutos,no,Sabado
2016,The joy formidable,Banda,Mixto,reino Unido,Acer Windows 10 Stage,45 minutos,No,Sabado
2016,The suicide bitches,Banda,Masculino,Chile,Lotus Stage,45 minutos,No,Sabado
2016,Tiano Bless,solista,Masculino,chile,Acer Windows 10 Stage,45 minutos,No,domingo
2016,Tinariwen,Banda,Mixto,Mali,Itau Stage,45 minutos,No,domingo
2016,Todos Tus Muertos,Banda,Masculino,Argentina,Perry's Stage by VTR	,60 minutos,No,Sabado
2016,Tunacola,Banda,Mixto,Chile,Perry's Stage by VTR	,60 minutos,No,domingo
2016,Twenty One Pilots,Banda,Masculino,Estados Unidos,VTR Stage,60 minutos,No,Domingo
2016,Vintage Trouble,Banda,Masculino,estados Unidos,VTR Stage,45 minutos,No,Domingo
2016,Walk the Moon,Banda,Masculino,estados Unidos,Acer Windows 10 Stage,60 minutos,No,Sabado
2016,Zedd,solista,Masculino,Rusia,Perry's Stage by VTR	,75 minutos,No,Sabado
2016,Zeds Dead,Banda,Masculino,Canada,Perry's Stage by VTR	,75 minutos,No,domingo
2017,8 Monkys,Banda,Masculino,chile,Lotus Stage,45 minutos,No,Sabado
2017,Alex Anwandter,Solista,Masculino,chile,VTR Stage,60 minutos,No,domingo
2017,Alok,Solista,Masculino,Brazil,Perry's Stage by VTR	,60 minutos,No,Sabado
2017,Amahiro,Solista,Masculino,chile,Lotus Stage,45 minutos,No,domingo
2017,Angel Parra & Javiera Parra,Banda,Mixto,chile,Kidzapalooza,45 minutos,No,domingo
2017,Beatriz Pichi Malen,Solista,Femenino,Argentina,Kidzapalooza,45 minutos,No,Sabado
2017,Bomba Estereo,Banda,Mixto,Colombia,Acer Windows 10 Stage	,60 minutos,No,Sabado
2017,Boraj,Banda,Masculino,chile,Lotus Stage,45 minutos,No,domingo
2017,Borgore,solista,Masculino,Israel,Perry's Stage by VTR	,60 minutos,No,domingo
2017,Cage The Elephant,Banda,Masculino,Estados Unidos,VTR Stage,60 minutos,No,Sabado
2017,Catfish and The Bottlemen,Banda,Masculino,Reino Unido,Itau Stage,60 minutos,No,domingo
2017,Chicago Toys,Banda,Masculino,chile,Acer Windows 10 Stage,45 minutos,No,domingo
2017,Crisalida,Banda,Mixto,Chile,Lotus Stage,45 minutos,No,Sabado
2017,De tu cuna a tu tumba,Banda,Masculino,chile,Kidzapalooza,45 minutos,No,Sabado
2017,Diplo,Solista,Masculino,Estados Unidos,Perry's Stage by VTR	,75 minutos,No,Sabado
2017,Dj who,Solista,Masculino,Chile,Perry's Stage by VTR	,60 minutos,No,Sabado
2017,Don Diablo,Solista,Masculino,Holanda,Perry's Stage by VTR	,60 minutos,No,Sabado
2017,Dr Vena,Banda,Masculino,Chile,Lotus Stage,45 minutos,No,Sabado
2017,Duran Duran,Banda,Masculino,Reino Unido,Itau Stage,75 minutos,No,domingo
2017,El barco volador,Banda,Mixto,chile,Kidzapalooza,45 minutos,No,domingo
2017,Enrique Icka,Solista,Masculino,chile,Lotus Stage,45 minutos,No,domingo
2017,Flume,solista,Masculino,Australia,Acer Windows 10 Stage,75 minutos,No,domingo
2017,G-Eazy,Solista,Masculino,Estados Unidos,Acer Windows 10 Stage	,60 minutos,No,Sabado
2017,Glass Animals,Banda,Masculino,Reino Unido,Itau Stage,60 minutos,No,Sabado
2017,Gondwana,Banda,Masculino,chile,Itau Stage,60 minutos,No,domingo
2017,Griz,solista,Masculino,Estados Unidos,Perry's Stage by VTR	,60 minutos,No,domingo
2017,Jimmy Eat World,Banda,Masculino,estados Unidos,VTR Stage,60 minutos,No,domingo
2017,La Pozze Latina,Banda,Masculino,Chile,VTR Stage,45 minutos,No,Sabado
2017,Liricistas,Banda,Masculino,chile,Itau Stage,45 minutos,No,domingo
2017,Lopez,Banda,Masculino,Chile,Lotus Stage,45 minutos,No,Sabado
2017,Lucybell,Banda,Masculino,CHile,VTR Stage,60 minutos,No,Sabado
2017,Mad Professor,Solista,Masculino,Guayana,Lotus Stage,75 minutos,No,domingo
2017,Mariel Mariel,Solista,Femenino,chile,Lotus Stage,45 minutos,No,domingo
2017,Marshmello,Solista,Masculino,Estados Unidos,Perry's Stage by VTR	,75 minutos,No,Sabado
2017,Martin Garrix,Solista,Masculino,Holanda,Perry's Stage by VTR	,75 minutos,No,domingo
2017,Mazapán y Nerven&Zeller,Banda,Femenino,chile,Kidzapalooza,45 minutos,No,domingo
2017,Me llamo Sebastian,Solista,Masculino,Chile,Lotus Stage,45 minutos,No,Sabado
2017,Melanie Martinez,solista,Femenino,Estados Unidos,Acer Windows 10 Stage,60 minutos,No,domingo
2017,Metallica,Banda,Masculino,Estados Unidos,VTR Stage,120 minutos,Si,Sabado
2017,MØ,solista,Femenino,dinamarca,Acer Windows 10 Stage,60 minutos,No,domingo
2017,Nervo,Banda,Femenino,Australia,Perry's Stage by VTR	,75 minutos,No,domingo
2017,Newen Afrobeat,Banda,Mixto,Chile,Acer Windows 10 Stage	,45 minutos,No,Sabado
2017,Oliver Heldens,Solista,Masculino,Holanda,Perry's Stage by VTR	,75 minutos,No,domingo
2017,Paz Court,Banda,Femenino,chile,Lotus Stage,45 minutos,No,Sabado
2017,Piececitos en Concierto,Banda,Masculino,chile,Kidzapalooza,45 minutos,No,domingo
2017,Prehistoricos,Banda,Mixto,Chile,Acer Windows 10 Stage	,45 minutos,No,Sabado
2017,Rancid,Banda,Masculino,Estados Unidos,VTR Stage,60 minutos,No,Sabado
2017,Rey Puesto,Banda,Masculino,Chile,Lotus Stage,45 minutos,No,Sabado
2017,Rod Valdes,solista,Masculino,Chile,Perry's Stage by VTR	,60 minutos,No,domingo
2017,Roman & Castro,Banda,Masculino,Chile,Perry's Stage by VTR	,60 minutos,No,Sabado
2017,Silversun Pickups,Banda,Mixto,Estados Unidos,Acer Windows 10 Stage	,60 minutos,No,Sabado
2017,Sophi Lira,Solista,Femenino,Estados Unidos,Kidzapalooza,45 minutos,No,Sabado
2017,Tchami,Solista,Masculino,Francia,Perry's Stage by VTR	,60 minutos,No,Sabado
2017,Tegan And Sara,Banda,Femenino,Canada,Acer Windows 10 Stage,60 minutos,No,domingo
2017,Temple Agents,Banda,Masculino,chile,Lotus Stage,45 minutos,No,domingo
2017,The 1975,Banda,Masculino,Reino Unido,Itau Stage,60 Minutos,No,Sabado
2017,The Helmets,Banda,Masculino,Estados Unidos,Kidzapalooza,45 minutos,No,Sabado
2017,The Strokes,Banda,Masculino,Estados Unidos,VTR Stage,90 minutos,si,domingo
2017,The Weeknd,Solista,Masculino,Canada,Itau Stage,90 minutos,Si,domingo
2017,The XX,Banda,Mixto,Reino Unido,Itau Stage,75 minutos,Si,Sabado
2017,Tove Lo,Solista,Femenino,Suecia,Acer Windows 10 Stage	,60 minutos,No,Sabado
2017,Tus Amigos Nuevos,Banda,Masculino,Chile,Lotus Stage,45 minutos,No,domingo
2017,Two Door Cinema Clun,Banda,Masculino,Reino Unido,VTR Stage,75 minutos,No,domingo
2017,Vance Joy,solista,Masculino,Australia,Acer Windows 10 Stage,60 minutos,No,domingo
2017,Villa Cariño,Banda,Masculino,CHile,Itau Stage,45 minutos,No,Sabado
2017,Vives&Forero,Banda,Masculino,Chile,Perry's Stage by VTR	,60 minutos,No,domingo
2017,We are the Grand,Banda,Masculino,chile,VTR Stage,45 minutos,No,domingo
2017,Weichafe,Banda,Masculino,CHile,Itau Stage,60 minutos,No,Sabado
2017,Zaturno & Mc Piri,Banda,Masculino,chile,Lotus Stage,60 minutos,No,domingo
2018,31 minutos,Banda,Mixto,CHile,Kidzapalooza,75 minutos,no,viernes
2018,31 minutos,Banda,Mixto,chile,Kidzapalooza,75 minutos,no,Sabado
2018,Alain Johannes Trio,Banda,Masculino,chile,VTR Stage,60 minutos,no,Sabado
2018,Alan Walker,Solista,Masculino,noruega,Perry's Stage by VTR	,60 minutos,no,viernes
2018,Alex June,Solista,Femenino,chile,Aldea Verde Stage,45 minutos,no,viernes
2018,Alison Wonderland,Solista,Femenino,Australia,Perry's Stage by VTR	,60 minutos,no,Sabado
2018,Amilcar Nadal,Solista,Masculino,argentina,Lotus Stage,45 minutos,no,Sabado
2018,Anderson Paak,Solista,Masculino,estados Unidos,Acer Stage,60 minutos,no,Sabado
2018,Aurora,Solista,Femenino,noruega,Acer Stage,60 minutos,no,viernes
2018,Aventuras del Barco Volador,Banda,Mixto,chile,Kidzapalooza,45 minutos,no,domingo
2018,Bajofondo,Banda,Mixto,argentina,Acer Stage,60 minutos,no,viernes
2018,Boom Boom kid,Solista,Masculino,argentina,Lotus Stage,60 minutos,no,domingo
2018,Camila cabello,Solista,Femenino,cuba,Acer Stage,60 minutos,no,Sabado
2018,Camileazy,Solista,Masculino,chile,Acer Stage,45 minutos,no,domingo
2018,Ceaese,Solista,Masculino,chile,Acer Stage,45 minutos,no,Sabado
2018,Chance The Rapper,Solista,Masculino,Estados Unidos,VTR Stage,60 minutos,no,Sabado
2018,Chancho en Piedra,Banda,Masculino,chile,VTR Stage,60 minutos,no,Sabado
2018,Cheat Codes,Banda,Masculino,estados Unidos,Perry's Stage by VTR	,60 minutos,no,viernes
2018,Como Asesinar a Felipes,Banda,Masculino,chile,Itau Stage,45 minutos,no,viernes
2018,Cordillera,Banda,Masculino,chile,Lotus Stage,60 minutos,no,viernes
2018,Damas Gratis,Banda,Mixto,argentina,Itau Stage,60 minutos,no,domingo
2018,David Byrne,Solista,Masculino,Reino Unido,Itau Stage,60 minutos,no,viernes
2018,De kiruza,Banda,Masculino,chile,Lotus Stage,60 minutos,no,viernes
2018,Deep Roy,Solista,Masculino,kenia,Kidzapalooza,45 minutos,no,Sabado
2018,Deorro,Solista,Masculino,mexico,Perry's Stage by VTR	,60 minutos,no,domingo
2018,Dillon Francis,Solista,Masculino,estados Unidos,Perry's Stage by VTR	,60 minutos,no,viernes
2018,Dj Caso,Solista,Masculino,chile,Perry's Stage by VTR	,60 minutos,no,Sabado
2018,Dj Mel,Solista,Masculino,estados Unidos,Perry's Stage by VTR	,75 minutos,no,domingo
2018,DJ Nea,Solista,Femenino,Canada,Aldea Verde Stage,45 minutos,no,Sabado
2018,Dj Snake,Solista,Masculino,francia,Perry's Stage by VTR	,75 minutos,no,domingo
2018,DVBBS,Banda,Masculino,Canada,Perry's Stage by VTR	,75 minutos,no,Sabado
2018,Ego Kill Talent,Banda,Masculino,brazil,VTR Stage,60 minutos,No,Viernes
2018,El Buho,Solista,Masculino,reino Unido,Aldea Verde Stage,75 minutos,no,Sabado
2018,El Buho,Solista,Masculino,reino Unido,Lotus Stage,75 minutos,no,domingo
2018,Fernando Milagros,Solista,Masculino,chile,Acer Stage,60 minutos,no,Sabado
2018,Fuglar,Banda,Masculino,chile,Lotus Stage,45 minutos,no,viernes
2018,Galantis,Banda,Masculino,Suecia,Perry's Stage by VTR	,75 minutos,no,viernes
2018,Hardwell,Solista,Masculino,Holanda,Perry's Stage by VTR	,75 minutos,no,Sabado
2018,Hedo,Solista,Masculino,chile,Perry's Stage by VTR	,45 minutos,no,viernes
2018,Huasi Kuta,Banda,Masculino,chile,Aldea Verde Stage,45 minutos,no,viernes
2018,Imagine Dragons,Banda,Masculino,estados Unidos,Itau Stage,90 minutos,si,Sabado
2018,Jordan Ferrer,Solista,Masculino,chile,Perry's Stage by VTR	,60 minutos,no,viernes
2018,Kaleo,Banda,Masculino,islandia,VTR Stage,60 minutos,no,Domingo
2018,Kapitol,Banda,Masculino,chile,Acer Stage,45 minutos,no,domingo
2018,Khalid,Solista,Masculino,estados Unidos,Itau Stage,75 minutos,no,domingo
2018,Kuervos del Sur,Banda,Masculino,chile,Itau Stage,45 minutos,no,domingo
2018,Kygo,Solista,Masculino,noruega,Acer Stage,75 minutos,no,viernes
2018,Laguna y el Rio,Banda,Mixto,chile,Kidzapalooza,60 minutos,no,domingo
2018,Lana del Rey,Solista,Femenino,estados Unidos,Itau Stage,90 minutos,si,domingo
2018,Lanza Internacional,Banda,Masculino,chile,Acer Stage,45 minutos,no,viernes
2018,Las Pelotas,Banda,Mixto,argentina,Itau Stage,60 minutos,no,Sabado
2018,Latin Bitman,Solista,Masculino,chile,Lotus Stage,75 minutos,no,Sabado
2018,LCD Soundsystem,Banda,Masculino,estados Unidos,Itau Stage,90 minutos,Si,viernes
2018,Liam Gallagher,Solista,Masculino,reino Unido,VTR Stage,75 minutos,no,domingo
2018,Los Fi,Banda,Mixto,chile,Kidzapalooza,45 minutos,no,domingo
2018,Los Frutantes,Banda,Mixto,chile,Kidzapalooza,45 minutos,no,Sabado
2018,Los Jaivas,Banda,Mixto,chile,Itau Stage,60 minutos,no,viernes
2018,Louis The Child,Solista,Masculino,estados Unidos,Perry's Stage by VTR	,60 minutos,no,domingo
2018,Mac Miller,Solista,Masculino,estados Unidos,Acer Stage,60 minutos,no,domingo
2018,MacdeMarco,Solista,Masculino,canada,Acer Stage,60 minutos,no,domingo
2018,Matanza ,Solista,Masculino,chile,Aldea Verde Stage,75 minutos,no,Sabado
2018,Matanza ,Banda,Masculino,chile,Lotus Stage,75 minutos,no,domingo
2018,Maxi Vargas,Solista,Masculino,chile,Lotus Stage,60 minutos,no,viernes
2018,Metronomy,Banda,Mixto,reino Unido,VTR Stage,60 minutos,no,Domingo
2018,Milky Chance,Banda,Masculino,Alemania,VTR Stage,60 minutos,No,viernes
2018,Mitu,Banda,Masculino,Colombia,Perry's Stage by VTR	,60 minutos,no,Sabado
2018,MKRNI,Banda,Mixto,chile,Lotus Stage,45 minutos,no,Sabado
2018,MKRNI,Banda,Mixto,chile,Aldea Verde Stage,45 minutos,no,domingo
2018,Mon Laferte,Solista,Femenino,chile,VTR Stage,60 minutos,no,Sabado
2018,Moral distraida,Banda,Masculino,chile,VTR Stage,45 minutos,no,domingo
2018,Movimiento Original,Banda,Masculino,chile,Lotus Stage,60 minutos,no,Sabado
2018,NGHTMRE,Solista,Masculino,estados Unidos,Perry's Stage by VTR	,60 minutos,no,domingo
2018,Oh Wonder,Banda,Mixto,reino Unido,Acer Stage,60 minutos,no,Sabado
2018,Olhaberry el Mago,Solista,Masculino,chile,Kidzapalooza,45 minutos ,no,viernes
2018,Pearl Jam,Banda,Masculino,estados Unidos,VTR Stage,135 minutos,si,viernes
2018,Pedro Piedra,Solista,Masculino,chile,VTR Stage,45 minutos,No,Viernes
2018,Quique Neira,Solista,Masculino,chile,Lotus Stage,60 minutos,no,domingo
2018,Red Hot Chili Peppers,Banda,Masculino,Estados Unidos,VTR Stage,105 minutos,si,Sabado
2018,Ribo,Banda,Masculino,chile,Lotus Stage,45 minutos,no,domingo
2018,Roman & Castro,Banda,Masculino,chile,Aldea Verde Stage,45 minutos,no,domingo
2018,Royal Blood,Banda,Masculino,reino Unido,Itau Stage,60 minutos,no,Sabado
2018,Rubio,Solista,Femenino,chile,Perry's Stage by VTR	,45 minutos,no,Sabado
2018,Santaferia,Banda,Masculino,chile,Itau Stage,45 minutos,no,Sabado
2018,School of Rock,Banda,Mixto,estados Unidos,Kidzapalooza,45 minutos,no,Sabado
2018,Shiba San,Solista,Masculino,Francia,Perry's Stage by VTR	,60 minutos,no,Sabado
2018,Shoot The Radio,Banda,Masculino,argentina,Perry's Stage by VTR	,60 minutos,no,viernes
2018,Sinergia,Banda,Masculino,chile,Lotus Stage,60 minutos,no,viernes
2018,Solucion violeta,Banda,Masculino,chile,Lotus Stage,30 minutos ,no,domingo
2018,Spiral Vortex,Banda,Masculino,chile,Acer Stage,45 minutos,no,viernes
2018,Spiral Vortex,Banda,Masculino,chile,Aldea Verde Stage,45 minutos,no,domingo
2018,Spoon,Banda,Masculino,estados Unidos,Itau Stage,60 minutos,no,Sabado
2018,Tash Sultana,Solista,Femenino,Australia,Acer Stage,60 minutos,no,domingo
2018,Tentempies,Banda,Masculino,chile,Lotus Stage,45 minutos,no,Sabado
2018,The Alive,Banda,Masculino,Estados Unidos,Kidzapalooza,45 minutos,no,viernes
2018,The Ganjas,Banda,Masculino,chile,Lotus Stage,60 minutos,no,viernes
2018,The Killers,Banda,Masculino,estados Unidos,VTR Stage,90 minutos,si,domingo
2018,The National,Banda,Masculino,estados Unidos,VTR Stage,60 minutos,no,viernes
2018,the neighbourhood,Banda,Masculino,estados Unidos,Itau Stage,60 minutos,no,domingo
2018,Thomas Jack,Solista,Masculino,Australia,Perry's Stage by VTR	,60 minutos,no,viernes
2018,Tiano Bless,Solista,Masculino,chile,Lotus Stage,45 minutos,no,domingo
2018,Tumu tapu,Banda,Masculino,chile,Aldea Verde Stage,45 minutos,no,viernes
2018,Vicente Sanfuentes,Solista,Masculino,chile,Lotus Stage,75 minutos,no,sabado
2018,Volbeat,Banda,Masculino,dinamarca,Acer Stage,60 minutos,no,viernes
2018,What so not,Solista,Masculino,Australia,Perry's Stage by VTR	,60 minutos,no,Sabado
2018,Whetan,Solista,Masculino,estados Unidos,Perry's Stage by VTR	,60 minutos,no,domingo
2018,Wiz Khalifa,Solista,Masculino,estados Unidos,Acer Stage,75 minutos,no,domingo
2018,Yellow Claw,Banda,Masculino,Holanda,Perry's Stage by VTR	,60 minutos,no,domingo
2018,Zara Larsson,Solista,Femenino,Suecia,Acer Stage,60 minutos,no,Sabado
2018,Zoe,Banda,Masculino,mexico,Itau Stage,60 minutos,no,viernes
2018,Zsanchos,Banda,Masculino,chile,Aldea Verde Stage,60 minutos,no,domingo
2019,A.Chal,solista,Masculino,peru,Aldea Verde Stage,60 minutos,no,sabado
2019,Adelaida,Banda,Mixto,chile,Banco de Chile Stage,45 minutos,no,domingo
2019,Aleman,solista,Masculino,mexico,Lotus Stage,45 minutos,no,Sabado
2019,Alika,solista,Femenino,uruguay,Lotus Stage,45 minutos,no,domingo
2019,Amanitas,Banda,Femenino,chile,Lotus Stage,45 minutos,no,viernes
2019,Americo,solista,Masculino,chile,Lotus Stage,60 minutos,no,sabado
2019,Ana Tijoux,solista,Femenino,chile,Aldea Verde Stage,60 minutos,no,domingo
2019,Angel Parra & los retornados,Banda,Masculino,chile,Kidzapalooza,45 minutos,no,viernes
2019,Artic Monkeys,Banda,Masculino,reino Unido,VTR Stage,105 minutos,si,domingo
2019,Ases Falsos,Banda,Masculino,chile,Acer Stage,45 minutos,no,sabado
2019,Bad Gyal,solista,Femenino,españa,Perry's Stage by VTR	,60 minutos,no,Sabado
2019,Batalla de gallos,Banda,Mixto,chile,Aldea Verde Stage,30 minutos,no,domingo
2019,Booka Shade,Banda,Masculino,Alemania,Aldea Verde Stage,90 minutos,no,sabado
2019,Bring Me The Horizon,Banda,Masculino,reino Unido,VTR Stage,60 minutos,no,sabado
2019,Bronko yotte,solista,Masculino,chile,Acer Stage,45 minutos,no,viernes
2019,C Tangana,solista,Masculino,españa,Lotus Stage,45 minutos,no,domingo
2019,Caetano Moreno Zeca & Tom Veloso,Banda,Masculino,brazil,Lotus Stage,60 minutos,no,viernes
2019,Caramelos de Cianuro,Banda,Masculino,venezuela,Acer Stage,45 minutos,no,domingo
2019,Chancha via circuito,solista,Masculino,argentina,Aldea Verde Stage,60 minutos,no,viernes
2019,Cigerbox Man,Banda,Masculino,chile,Acer Stage,30 minutos,no,domingo
2019,Clairo,solista,Femenino,estados Unidos,Acer Stage,60 minutos,no,viernes
2019,Compadre,Banda,Masculino,chile,Heineken Lounge Stage,60 minutos,no,viernes
2019,Dimitri Vegas & Like Mike,Banda,Masculino,belgica,Perry's Stage by VTR	,75 minutos,no,viernes
2019,Dj Raff,solista,Masculino,chile,Aldea Verde Stage,60 minutos,no,viernes
2019,Dj Raff,solista,Masculino,chile,Heineken Lounge Stage,75 minutos,no,Sabado
2019,Dj Tressor,solista,Masculino,chile,Heineken Lounge Stage,60 minutos,no,viernes
2019,Dj Who,solista,Masculino,chile,Perry's Stage by VTR	,60 minutos,no,Sabado
2019,Don Diablo,solista,Masculino,Holanda,Perry's Stage by VTR	,60 minutos,no,domingo
2019,Drefquila,solista,Masculino,chile,Lotus Stage,45 minutos,no,viernes
2019,Drunvaloop,Banda,Masculino,chile,Heineken Lounge Stage,60 minutos,no,viernes
2019,Elkin Robinson,solista,Masculino,Colombia,Aldea Verde Stage,45 minutos,no,viernes
2019,Entropica,solista,Femenino,chile,Heineken Lounge Stage,60 minutos,no,Sabado
2019,fantasna,solista,Masculino,chile,Heineken Lounge Stage,60 minutos,no,domingo
2019,Fernanda Arrau,solista,Femenino,chile,Heineken Lounge Stage,75 minutos,no,viernes
2019,Fisher,solista,Masculino,Australia,Perry's Stage by VTR	,60 minutos,no,viernes
2019,Fiskales Ad Hok,Banda,Masculino,chile,VTR Stage,45 minutos,no,domingo
2019,Flak,solista,Masculino,chile,Perry's Stage by VTR	,60 minutos,no,sabado
2019,Foals,Banda,Masculino,reino Unido,Banco de Chile Stage,75 minutos,no,domingo
2019,Foji,Banda,Mixto,chile,Kidzapalooza,45 minutos,no,sabado
2019,Francisca Valenzuela,Solista,Femenino,chile,VTR Stage,60 minutos,no,viernes
2019,Frank White Canvas,Banda,Femenino,chile,Banco de Chile Stage,45 minutos,no,viernes
2019,Gepe,solista,Masculino,chile,VTR Stage,60 minutos,no,domingo
2019,Gianluca,solista,Masculino,chile,Lotus Stage,45 minutos,no,Sabado
2019,Golden Rat,solista,Masculino,chile,Heineken Lounge Stage,60 minutos,no,Sabado
2019,Green Valley,Banda,Masculino,españa,Lotus Stage,60 minutos,no,viernes
2019,Greta Van Fleet,Banda,Masculino,estados Unidos,VTR Stage,60 minutos,no,viernes
2019,Griffyn,solista,Masculino,estados Unidos,Perry's Stage by VTR	,60 minutos,no,viernes
2019,GTA,Banda,Masculino,estados Unidos,Perry's Stage by VTR	,60 minutos,no,domingo
2019,Hippie Sabotage,Banda,Masculino,estados Unidos,Perry's Stage by VTR	,60 minutos,no,sabado
2019,Humbdolt,Banda,Masculino,chile,Acer Stage,45 minutos,no,Sabado
2019,Ile,solista,Femenino,puerto rico,Lotus Stage,45 minutos,no,domingo
2019,Interpol,Banda,Masculino,estados Unidos,VTR Stage,60 minutos,no,Sabado
2019,Isa Rojas,solista,Femenino,chile,Heineken Lounge Stage,60 minutos,no,sabado
2019,Jain,solista,Femenino,francia,Acer Stage,60 minutos,no,domingo
2019,Jefe indio,Banda,Masculino,chile,Heineken Lounge Stage,60 minutos,no,domingo
2019,Jet Lag,Banda,Masculino,brazil,Perry's Stage by VTR	,60 minutos,no,Sabado
2019,Joe Vasconcellos,solista,Masculino,chile,Lotus Stage,60 minutos,no,domingo
2019,Jorja Smith,solista,Femenino,reino Unido,Acer Stage,60 minutos,no,viernes
2019,Juanes,solista,Masculino,Colombia,VTR Stage,60 minutos,no,domingo
2019,Julia Victoria,solista,Femenino,Colombia,Aldea Verde Stage,45 minutos,no,Sabado
2019,Kaleema,solista,Femenino,argentina,Aldea Verde Stage,45 minutos,no,viernes
2019,Kamasi Washington,solista,Masculino,estados Unidos,Banco de Chile Stage,60 minutos,no,Sabado
2019,Keko Yoma,Banda,Masculino,chile,Aldea Verde Stage,45 minutos,no,domingo
2019,Kendrick Lamar,Solista,Masculino,estados Unidos,VTR Stage,75 minutos,si,viernes
2019,Kevinho,solista,Masculino,brazil,Perry's Stage by VTR	,60 minutos,no,viernes
2019,Khea,solista,Masculino,argentina,Perry's Stage by VTR	,60 minutos,no,domingo
2019,Kidd Keo,solista,Masculino,españa,Perry's Stage by VTR	,60 minutos,no,viernes
2019,Kingo Roots & Ras Kadhu,Banda,Masculino,chile,Aldea Verde Stage,45 minutos,no,Sabado
2019,KSHMR,solista,Masculino,estados Unidos,Perry's Stage by VTR	,60 minutos,no,viernes
2019,Kungs,solista,Masculino,francia,Perry's Stage by VTR	,60 minutos,no,viernes
2019,La Floripondio,Banda,Masculino,chile,Lotus Stage,60 minutos,no,domingo
2019,La Vela Puerca,Banda,Masculino,uruguay,Banco de Chile Stage,60 minutos,no,domingo
2019,Lany ,Banda,Masculino,estados Unidos,Banco de Chile Stage,60 minutos,no,viernes
2019,Lenny kravtiz,solista,Masculino,estados Unidos,Banco de Chile Stage,90 minutos,si,viernes
2019,Los Frutantes,Banda,Mixto,chile,Kidzapalooza,45 minutos,no,viernes
2019,Los Frutantes,Banda,Mixto,chile,Kidzapalooza,45 minutos,no,Sabado
2019,Los pulentos,Banda,Mixto,chile,Kidzapalooza,60 minutos,no,viernes
2019,Los pulentos,Banda,Mixto,chile,Kidzapalooza,60 minutos,no,Sabado
2019,Los Tres,Banda,Masculino,chile,Banco de Chile Stage,60 minutos,no,viernes
2019,Loud Luxury,Banda,Masculino,canada,Perry's Stage by VTR	,60 minutos,no,domingo
2019,Macklemore,solista,Masculino,estados Unidos,Acer Stage,60 minutos,no,domingo
2019,Marcela Thais,solista,Femenino,chile,Heineken Lounge Stage,60 minutos,no,domingo
2019,Melanie Ribbe,solista,Femenino,Alemania,Heineken Lounge Stage,75 minutos,no,viernes
2019,Monsieur Periné,Banda,Mixto,Colombia,VTR Stage,60 minutos,no,Sabado
2019,Natalia Contesse,solista,Femenino,chile,Aldea Verde Stage,45 minutos,no,domingo
2019,newen afrobeat,Banda,Mixto,chile,Aldea Verde Stage,45 minutos,no,domingo
2019,Nicola Cruz,solista,Masculino,ecuador,Aldea Verde Stage,75 minutos,no,viernes
2019,Nova Materia,Banda,Mixto,chile,Aldea Verde Stage,60 minutos,no,Sabado
2019,odesza,Banda,Masculino,estados Unidos,Acer Stage,75 minutos,no,Sabado
2019,Omar Varela,solista,Masculino,argentina,Perry's Stage by VTR	,60 minutos,no,domingo
2019,Paloma Mami,solista,Femenino,chile,Lotus Stage,20 minutos,no,Sabado
2019,Parcels,Banda,Masculino,Australia,Acer Stage,45 minutos,no,domingo
2019,Paulo Londra,solista,Masculino,argentina,Acer Stage,60 minutos,no,viernes
2019,Pillanes,Banda,Masculino,chile,Acer Stage,45 minutos,no,Sabado
2019,Playa Gotica,Banda,Mixto,chile,Acer Stage,45 minutos,no,viernes
2019,Pol del Sur,solista,Masculino,chile,Heineken Lounge Stage,60 minutos,no,Sabado
2019,Polima Westcoast,solista,Masculino,chile,Perry's Stage by VTR	,45 minutos,no,domingo
2019,Portugal The Man,Banda,Masculino,estados Unidos,Banco de Chile Stage,60 minutos,no,Sabado
2019,Post Malone,solista,Masculino,estados Unidos,Banco de Chile Stage,90 minutos,no,Sabado
2019,Protoje & the Indignation,solista,Masculino,Jamaica,Acer Stage,60 minutos,no,sabado
2019,R21 Charly Alberti,solista,Masculino,argentina,Kidzapalooza,45 minutos,no,Sabado
2019,Red Rabbit,solista,Masculino,chile,Heineken Lounge Stage,60 minutos,no,viernes
2019,RL Grime,solista,Masculino,estados Unidos,Perry's Stage by VTR	,60 minutos,no,sabado
2019,Rosalia,solista,Femenino,españa,Acer Stage,60 minutos,no,domingo
2019,Rubio,solista,Femenino,chile,Aldea Verde Stage,45 minutos,no,Sabado
2019,Rufus du sol,Banda,Masculino,Australia,Acer Stage,60 minutos,no,Sabado
2019,Sam Smith,solista,Masculino,reino Unido,Banco de Chile Stage,90 minutos,si,domingo
2019,Satori,solista,Masculino,Holanda,Aldea Verde Stage,120 minutos,no,viernes
2019,Satori,solista,Masculino,Holanda,Heineken Lounge Stage,120 minutos,no,sabado
2019,Sean Kuti,solista,Masculino,nigeria,Aldea Verde Stage,60 minutos,no,domingo
2019,Sinergia kids,Banda,Masculino,chile,Kidzapalooza,45 minutos,no,domingo
2019,Sistek,solista,Masculino,chile,Perry's Stage by VTR	,45 minutos,no,viernes
2019,Sita abellan,solista,Femenino,españa,Heineken Lounge Stage,60 minutos,no,domingo
2019,Snow Patrol,Banda,Masculino,reino Unido,VTR Stage,60 minutos,no,viernes
2019,Sophi lira,solista,Femenino,chile,Kidzapalooza,45 minutos,no,domingo
2019,St Vicent,solista,Femenino,estados Unidos,Acer Stage,60 minutos,no,domingo
2019,Steve aoki,solista,Masculino,estados Unidos,Perry's Stage by VTR	,60 minutos,no,Sabado
2019,Subhira,Banda,Mixto,chile,Kidzapalooza,45 minutos,no,viernes
2019,The 1975,Banda,Masculino,reino Unido,VTR Stage,60 minutos,no,domingo
2019,The Fever 333,Banda,Masculino,estados Unidos,Acer Stage,45 minutos,no,Sabado
2019,The Inspector Cluzo,Banda,Masculino,francia,VTR Stage,45 minutos,no,viernes
2019,Tiesto,solista,Masculino,Holanda,Perry's Stage by VTR	,60 minutos,no,domingo
2019,Tokyo Ska Paradise Orchestra,Banda,Masculino,japon,Lotus Stage,60 minutos,no,viernes
2019,Tomasa del Real,solista,Femenino,chile,Lotus Stage,45 minutos,no,sabado
2019,Tribu Huni Kuin,Banda,Mixto,peru,Aldea Verde Stage,15 minutos,no,viernes
2019,Troye Sivan,solista,Masculino,Sudafrica,Banco de Chile Stage,60 minutos,no,domingo
2019,Twenty one pilots,Banda,Masculino,estados Unidos,VTR Stage,90 minutos,si,Sabado
2019,Valentino Khan,solista,Masculino,estados Unidos,Perry's Stage by VTR	,60 minutos,no,Sabado
2019,Valesuchi,solista,Femenino,chile,Aldea Verde Stage,120 minutos,no,Sabado
2019,Valesuchi,solista,Femenino,chile,Heineken Lounge Stage,90 minutos,no,domingo
2019,Vicentico,solista,Masculino,argentina,Banco de Chile Stage,60 minutos,no,viernes
2019,years & years,Banda,Masculino,reino Unido,Banco de Chile Stage,60 minutos,no,sabado
2019,Zaturno & Sole,Banda,Mixto,chile,Banco de Chile Stage,45 minutos,no,sabado
2019,Zhu,solista,Masculino,estados Unidos,Perry's Stage by VTR	,60 minutos,no,domingo
2019,Ziggy marley,solista,Masculino,Jamaica,VTR Stage,60 minutos,no,Sabado
2022,070 Shake,solista,Femenino,estados Unidos,Axe Stage,60 minutos,no,domingo
2022,A Day To Remember,Banda,Masculino,estados Unidos,Banco de Chile Stage,60 minutos,no,Sabado
2022,Alan Walker,solista,Masculino,noruega,Perry's Stage by VTR	,60 minutos,no,domingo
2022,Alessia Cara,solista,Femenino,canada,Axe Stage,60 minutos,no,viernes
2022,Alesso,solista,Masculino,suecia,Perry's Stage by VTR	,60 minutos,no,Sabado
2022,alexisonfire,Banda,Masculino,canada,Axe Stage,60 minutos,no,viernes
2022,Alok,solista,Masculino,brazil,Perry's Stage by VTR	,60 minutos,no,domingo
2022,Antonima,solista,Femenino,chile,Aldea Verde Stage,45 minutos,no,viernes
2022,Asap Rocky,solista,Masculino,estados Unidos,Banco de Chile Stage,75 minutos,si,Sabado
2022,Ashniko,solista,Femenino,estados Unidos,Perry's Stage by VTR	,60 minutos,no,domingo
2022,Astropoetas,Banda,Masculino,chile,Kidzapalooza,45 minutos,no,domingo
2022,Banda Porota,Banda,Mixto,chile,Kidzapalooza,45 minutos,no,viernes
2022,batalla de gallos,Banda,Mixto,chile,Aldea Verde Stage,45 minutos,no,Sabado
2022,bbs paranoicos,Banda,Masculino,chile,Axe Stage,60 minutos,no,Sabado
2022,Beto Cuevas,solista,Masculino,chile,Axe Stage,60 minutos,no,Sabado
2022,Bitman,solista,Masculino,chile,Lotus Stage,45 minutos,no,domingo
2022,BMF Squad,Banda,Mixto,chile,Aldea Verde Stage,60 minutos,no,domingo
2022,Bocho,solista,Masculino,chile,Banco de Chile Stage,45 minutos,no,viernes
2022,Boombox Cartel,solista,Masculino,mexico,Perry's Stage by VTR	,60 minutos,no,Sabado
2022,C-funk,solista,Masculino,chile,Lotus Stage,45 minutos,no,domingo
2022,Cami,solista,Femenino,chile,VTR Stage,60 minutos,no,Sabado
2022,Camila Moreno,solista,Femenino,chile,Lotus Stage,60 minutos,no,viernes
2022,catana,solista,Femenino,chile,Aldea Verde Stage,45 minutos,no,Sabado
2022,Ceaese,solista,Masculino,chile,Perry's Stage by VTR	,60 minutos,no,Sabado
2022,Channel Tres,solista,Masculino,estados Unidos,Perry's Stage by VTR	,60 minutos,no,viernes
2022,Chris Lake,solista,Masculino,reino Unido,Perry's Stage by VTR	,60 minutos,no,domingo
2022,Cimafunk,solista,Masculino,cuba,Axe Stage,45 minutos,no,domingo
2022,Cuenta Carton,Banda,Mixto,chile,Kidzapalooza,45 minutos,no,viernes
2022,Cultura Profetica,Banda,Masculino,puerto rico,Banco de Chile Stage,60 minutos,no,viernes
2022,Daboom,solista,Masculino,chile,Kidzapalooza,45 minutos,no,Sabado
2022,Delic,solista,Femenino,Holanda,Lotus Stage,45 minutos,no,viernes
2022,Deorro,solista,Masculino,mexico,Perry's Stage by VTR	,60 minutos,no,Sabado
2022,Doja Cat,solista,Femenino,estados Unidos,Banco de Chile Stage,60 minutos,si,domingo
2022,Drefquila,solista,Masculino,chile,VTR Stage,45 minutos,no,Domingo
2022,Dulce y agraz,solista,Femenino,chile,Lotus Stage,45 minutos,no,viernes
2022,Fernando Milagros,solista,Masculino,chile,Axe Stage,45 minutos,no,viernes
2022,Flor de Rap,solista,Femenino,chile,Aldea Verde Stage,60 minutos,no,viernes
2022,Foo Fighters,Banda,Masculino,estados Unidos,VTR Stage,120 minutos,si,viernes
2022,Francisco Victoria,solista,Masculino,chile,Aldea Verde Stage,45 minutos,no,viernes
2022,Ghetto kids,Banda,Masculino,mexico,Perry's Stage by VTR	,45 minutos,no,domingo
2022,Girl Ultra,solista,Femenino,mexico,Lotus Stage,45 minutos,no,domingo
2022,Golden Dawn Arkestra,Banda,Mixto,estados Unidos,Aldea Verde Stage,60 minutos,no,domingo
2022,Goldfish,Banda,Masculino,Sudafrica,Perry's Stage by VTR	,60 minutos,no,Sabado
2022,Harry Nach,solista,Masculino,chile,Perry's Stage by VTR	,45 minutos,no,viernes
2022,Hoppo!,solista,Masculino,mexico,Lotus Stage,60 minutos,no,Sabado
2022,IDLES,Banda,Masculino,reino Unido,VTR Stage,60 minutos,no,viernes
2022,Inti historico Quilapayun ,Banda,Masculino,chile,Lotus Stage,45 minutos,no,domingo
2022,Jack Harlow,solista,Masculino,estados Unidos,Axe Stage,60 minutos,no,domingo
2022,Javiera Mena,solista,Femenino,chile,Lotus Stage,60 minutos,no,Sabado
2022,Javiera y los imposibles,Banda,Mixto,chile,VTR Stage,60 minutos,no,Sabado
2022,Jean Paul Olhaberry,solista,Masculino,chile,Kidzapalooza,35 minutos,no,domingo
2022,Jesse Baez,solista,Masculino,mexico,Perry's Stage by VTR	,45 minutos,no,Sabado
2022,Jhay Cortez,solista,Masculino,puerto rico,VTR Stage,60 minutos,no,viernes
2022,Jotape Psycho,solista,Masculino,chile,Perry's Stage by VTR	,30 minutos,no,Sabado
2022,Justin Quiles,solista,Masculino,Colombia,Perry's Stage by VTR	,60 minutos,no,viernes
2022,JXDN,solista,Masculino,estados Unidos,Banco de Chile Stage,60 minutos,no,domingo
2022,Kalfu,Banda,Mixto,chile,Kidzapalooza,45 minutos,no,domingo
2022,Kaytranada,solista,Masculino,canada,Perry's Stage by VTR	,60 minutos ,no,viernes
2022,kehlani,solista,Femenino,estados Unidos,Axe Stage,60 minutos,no,domingo
2022,Kidd Teton,solista,Masculino,chile,Perry's Stage by VTR	,45 minutos,no,viernes
2022,Liz Santibañez,solista,Femenino,chile,Aldea Verde Stage,30 minutos,no,Sabado
2022,Los Fi,Banda,Mixto,chile,Kidzapalooza,45 minutos,no,viernes
2022,Los Frutantes,Banda,Mixto,chile,Kidzapalooza,45 minutos,no,Sabado
2022,Los Patapela,Banda,Mixto,chile,Kidzapalooza,45 minutos,no,domingo
2022,Los pulentos,Banda,Mixto,chile,Kidzapalooza,60 minutos,no,Sabado
2022,LP,solista,Masculino,estados Unidos,VTR Stage,60 minutos,no,domingo
2022,Lucybell,Banda,Masculino,chile,Lotus Stage,45 minutos,no,domingo
2022,Machine Gun Kelly,solista,Masculino,estados Unidos,VTR Stage,75 minutos,no,domingo
2022,Marc Segui,solista,Masculino,españa,Axe Stage,45 minutos,no,domingo
2022,Marcianeke,solista,Masculino,chile,Perry's Stage by VTR	,60 minutos,no,domingo
2022,Mariel Mariel,solista,Femenino,chile,Banco de Chile Stage,45 minutos,no,domingo
2022,Marina,solista,Femenino,reino Unido,Axe Stage,60 minutos,no,Sabado
2022,Marky Ramone,solista,Masculino,estados Unidos,Banco de Chile Stage,60 minutos,no,viernes
2022,Martin Garrix,solista,Masculino,Holanda,Banco de Chile Stage,75 minutos,si,viernes
2022,Micro TDH,solista,Masculino,venezuela,Aldea Verde Stage,60 minutos,no,domingo
2022,Miley Cirus,solista,Femenino,estados Unidos,VTR Stage,90 minutos,si,Sabado
2022,Nakeye,solista,Masculino,chile,Aldea Verde Stage,45 minutos,no,domingo
2022,Nicki Nicole,solista,Femenino,argentina,Banco de Chile Stage,60 minutos,no,domingo
2022,Pablo Chille,solista,Masculino,chile,Perry's Stage by VTR	,60 minutos,no,Sabado
2022,Pablo vittar,solista,Masculino,brazil,Perry's Stage by VTR	,60 minutos,no,viernes
2022,Pascuala illabaca y la fauna,Banda,Femenino,chile,Axe Stage,45 minutos,no,Sabado
2022,Paula Cendejas,solista,Femenino,españa,Lotus Stage,45 minutos,no,viernes
2022,Pedro Piedra,solista,Masculino,chile,Lotus Stage,60 minutos,no,Sabado
2022,Peppa Pig,solista,Femenino,reino Unido,Kidzapalooza,35 minutos,no,Sabado
2022,Polima Westcoast & Galee Galee ,Banda,Masculino,chile,Perry's Stage by VTR	,60 minutos,no,viernes
2022,Power Peralta,Banda,Masculino,chile,Perry's Stage by VTR	,45 minutos,no,domingo
2022,Princesa Alba,solista,Femenino,chile,Perry's Stage by VTR	,45 minutos,no,domingo
2022,Rawayana,Banda,Masculino,venezuela,Banco de Chile Stage,60 minutos,no,Sabado
2022,Remi Wolf,solista,Femenino,estados Unidos,Axe Stage,60 minutos,no,viernes
2022,Rubio,solista,Femenino,chile,Lotus Stage,60 minutos,no,Sabado
2022,Saiko,Banda,Mixto,chile,Aldea Verde Stage,60 minutos,no,viernes
2022,School of Rock,Banda,Mixto,chile,Kidzapalooza,45 minutos,no,viernes
2022,School of Rock,Banda,Mixto,estados Unidos,Kidzapalooza,45 minutos,no,domingo
2022,Silvestre y la naranja,Banda,Masculino,argentina,Aldea Verde Stage,45 minutos,no,domingo
2022,Slowkiss,Banda,Mixto,chile,Axe Stage,30 minutos,no,Sabado
2022,Soufia,solista,Femenino,chile,Lotus Stage,45 minutos,no,Sabado
2022,Soul de lua,Banda,Femenino,chile,Banco de Chile Stage,30 minutos,no,Sabado
2022,Stefan Kramer,solista,Masculino,chile,VTR Stage,60 minutos,no,Domingo
2022,Tai Verdes,solista,Masculino,estados Unidos,Banco de Chile Stage,60 minutos,no,Sabado
2022,Temple Agents,Banda,Masculino,chile,Aldea Verde Stage,45 minutos,no,viernes
2022,The Alive,Banda,Masculino,estados Unidos,VTR Stage,60 minutos,no,viernes
2022,The Strokes,Banda,Masculino,estados Unidos,VTR Stage,90 minutos,si,domingo
2022,The Wombats,Banda,Masculino,reino Unido,VTR Stage,60 minutos,no,viernes
2022,Tiago PZK,solista,Masculino,argentina,Axe Stage,60 minutos,no,Sabado
2022,Tiro de Gracia,Banda,Masculino,chile,VTR Stage,45 minutos,no,Sabado
2022,Toto La momposina,solista,Femenino,Colombia,Lotus Stage,45 minutos,no,viernes
2022,Trueno,solista,Masculino,argentina,Perry's Stage by VTR	,60 minutos,no,viernes
2022,Turnstile,Banda,Masculino,estados Unidos,VTR Stage,60 minutos,no,Sabado
2022,Two Feet,solista,Masculino,estados Unidos,Axe Stage,60 minutos,no,domingo
2022,yorka,Banda,Femenino,chile,Aldea Verde Stage,60 minutos,no,Sabado
2023,Alain Johannes Trio,banda,Masculino,chile,aldea Verde Stage,60 minutos,no,domingo
2023,Alectrofobia,banda,Mixto,chile,aldea Verde Stage,45 minutos,no,domingo
2023,Alex Anwandter,solista,Masculino,chile,Costanera Center Stage,45 minutos,no,Domingo
2023,Alison Wonderland,solista,Femenino,Australia,Perry Stage by Costanera Center,60 minutos,no,Sabado
2023,Alvaro Diaz,solista,Masculino,puerto rico,Perry Stage by Costanera Center,60 minutos,no,domingo
2023,Angelo Pierattini,solista,Masculino,chile,Aldea Verde Stage,45 minutos,no,viernes
2023,Armin Van Buuren,solista,Masculino,Holanda,Perry Stage by Costanera Center,75 minutos,no,Sabado
2023,Ases Falsos,Banda,Masculino,chile,Aldea Verde Stage,60 minutos,no,Sabado
2023,Aurora,solista,Femenino,noruega,Banco de Chile Stage,60 minutos,no,Sabado
2023,Batalla de gallos,Banda,Mixto,chile,Perry Stage by Costanera Center,45 minutos,no,Sabado
2023,Benito Cerati,solista,Masculino,argentina,Axe Stage,45 minutos,no,Sabado
2023,Benjamin Walker,solista,Masculino,chile,Aldea Verde Stage,45 minutos,no,Sabado
2023,Billie Eilish,solista,Femenino,estados Unidos,Costanera Center Stage,90 minutos,no,viernes
2023,Caleuchistico,banda,Mixto,chile,Kidzapalooza,45 minutos,no,domingo
2023,Chini.png,solista,Femenino,chile,Axe Stage,45 minutos,no,viernes
2023,Cigarettes After House,Banda,Masculino,estados Unidos,Axe Stage,60 minutos,no,Sabado
2023,Claptone,Banda,Masculino,Alemania,Perry Stage by Costanera Center,75 minutos,no,viernes
2023,Clemente,solista,Masculino,chile,Aldea Verde Stage,45 minutos,no,Sabado
2023,Codigo Abierto,Banda,Masculino,chile,Aldea Verde Stage,45 minutos,no,Sabado
2023,Conan Gray,solista,Masculino,estados Unidos,Banco de Chile Stage,60 minutos,no,viernes
2023,Conociendo Rusia,Banda,Mixto,argentina,Banco de Chile Stage,45 minutos,no,viernes
2023,Cris Mj,solista,Masculino,chile,Perry Stage by Costanera Center,60 minutos,no,Sabado
2023,Danny Ocean,solista,Masculino,venezuela,Banco de Chile Stage,60 minutos,no,Sabado
2023,Dillom,solista,Masculino,argentina,Perry Stage by Costanera Center,45 minutos,no,viernes
2023,Drake,solista,Masculino,canada,Costanera Center Stage,90 minutos,si,Sabado
2023,DT Bilardo,solista,Masculino,argentina,Perry Stage by Costanera Center,45 minutos ,no,domingo
2023,El Barco Volador,Banda,Mixto,chile,Kidzapalooza,45 minutos,no,viernes
2023,El Cruce,Banda,Masculino,chile,Aldea Verde Stage,45 minutos,no,viernes
2023,El Kuelgue,Banda,Masculino,argentina,Costanera Center Stage,45 minutos,no,Sabado
2023,Elsa y Elmar,solista,Femenino,Colombia,Banco de Chile Stage,45 minutos,si,viernes
2023,Francisco El Hombre,Banda,Mixto,mexico,Aldea Verde Stage,45 minutos,no,viernes
2023,Friolento,Banda,Masculino,chile,Axe Stage,45 minutos,no,viernes
2023,go go gallo pipe,Banda,Mixto,chile,Kidzapalooza,45 minutos,no,Sabado
2023,Gorgon City,Banda,Masculino,reino Unido,Perry Stage by Costanera Center,75 minutos,no,viernes
2023,Gufi,banda,Masculino,chile,aldea Verde Stage,45 minutos,no,domingo
2023,Hola Flinko,Banda,Mixto,chile,Kidzapalooza,45 minutos,no,viernes
2023,Hot Milk,Banda,Masculino,reino Unido,Axe Stage,60 minutos,no,viernes
2023,Jamie XX,solista,Masculino,reino Unido,Perry Stage by Costanera Center,75 minutos,no,domingo
2023,Jane´s Addiction,banda,Masculino,estados Unidos,Banco de Chile Stage,60 minutos,no,domingo
2023,John Summit,solista,Masculino,estados Unidos,Perry Stage by Costanera Center,60 minutos,no,Sabado
2023,Kali Uchis,solista,Femenino,estados Unidos,Costanera Center Stage,60 minutos,no,viernes
2023,King Savagge,solista,Masculino,chile,Perry Stage by Costanera Center,45 minutos,no,domingo
2023,Lil Nas X,solista,Masculino,estados Unidos,Banco de Chile Stage,60 minutos,si,viernes
2023,Lit Killah,solista,Masculino,argentina,Axe Stage,60 minutos,no,domingo
2023,Louta,solista,Masculino,argentina,Banco de Chile Stage,45 minutos,no,Sabado
2023,Loyaltty,solista,Femenino,chile,Perry Stage by Costanera Center,30 minutos,no,viernes
2023,Lyra,solista,Femenino,chile,Kidzapalooza,30 minutos,no,domingo
2023,Madds,solista,Femenino,sudafrica,Perry Stage by Costanera Center,45 minutos,no,Sabado
2023,Malamen,banda,Masculino,chile,aldea Verde Stage,45 minutos,no,domingo
2023,Marilina Bertoldi,solista,Femenino,argentina,Axe Stage,45 minutos,no,Sabado
2023,Masquemusica,solista,Femenino,chile,Axe Stage,30 minutos,no,Sabado
2023,Maus,solista,Masculino,estados Unidos,Perry Stage by Costanera Center,45 minutos,no,Sabado
2023,Melani Ribbe,solista,Femenino,jamaica,Perry Stage by Costanera Center,45 minutos,no,Sabado
2023,Melanie Martinez,solista,Femenino,estados Unidos,Axe Stage,60 minutos,no,domingo
2023,mi perro chocolo,solista,Masculino,chile,Kidzapalooza,45 minutos,no,domingo
2023,Modest Mouse,Banda,Masculino,estados Unidos,Axe Stage,60 minutos,no,viernes
2023,Mora,solista,Masculino,puerto rico,Banco de Chile Stage,60 minutos,no,viernes
2023,Mother Mother,Banda,Mixto,canada,Costanera Center Stage,60 minutos,no,viernes
2023,Nano Stern,solista,Masculino,chile,Kidzapalooza,45 minutos,no,Sabado
2023,Nano Stern,solista,Masculino,chile,Axe Stage,45 minutos,no,domingo
2023,Nora en Pure,solista,Femenino,sudafrica,Perry Stage by Costanera Center,45 minutos,no,viernes
2023,Ottto,banda,Masculino,estados Unidos,Banco de Chile Stage,45 minutos,no,domingo
2023,Pablito Pesadilla,solista,Masculino,chile,Perry Stage by Costanera Center,30 minutos,no,domingo
2023,Paillita,solista,Masculino,chile,Costanera Center Stage,45 minutos,no,viernes
2023,Panico,banda,Mixto,chile,Axe Stage,60 minutos,no,domingo
2023,Perro Chocolo,solista,Masculino,chile,Kidzapalooza,45 minutos,no,viernes
2023,Pettinelis,Banda,Masculino,chile,Costanera Center Stage,60 minutos,no,Sabado
2023,Plumas,banda,Masculino,chile,Axe Stage,45 minutos,no,domingo
2023,Polo & Pan,Banda,Masculino,francia,Axe Stage,60 minutos,no,viernes
2023,Purple Disco Machine,solista,Masculino,alemania,Perry Stage by Costanera Center,60 minutos,no,domingo
2023,Rise Against,Banda,Masculino,estados Unidos,Axe Stage,60 minutos,no,viernes
2023,Rojuu,solista,Masculino,españa,Perry Stage by Costanera Center,45 minutos,no,viernes
2023,Rosalia,solista,Femenino,españa,Banco de Chile Stage,75 minutos,si,Sabado
2023,Rvyo,solista,Femenino,chile,Perry Stage by Costanera Center,30 minutos,no,domingo
2023,Ryan Castro,solista,Masculino,Colombia,Perry Stage by Costanera Center,60 minutos,no,viernes
2023,Samsara,banda,Masculino,chile,aldea Verde Stage,45 minutos,no,domingo
2023,School of Rock,Banda,Mixto,chile,Kidzapalooza,30 minutos,no,Sabado
2023,Shirel,solista,Femenino,peru,Perry Stage by Costanera Center,30 minutos,no,viernes
2023,Sinergia kids,Banda,Masculino,chile,Kidzapalooza,45 minutos,no,Sabado
2023,Sofi Tukker,solista,Femenino,estados Unidos,Axe Stage,60 minutos,no,domingo
2023,Sofia Gabanna,solista,Femenino,argentina,Costanera Center Stage,30 minutos,no,viernes
2023,Spiral Vortex,Banda,Masculino,chile,Costanera Center Stage,45 minutos,no,Domingo
2023,Stailok,solista,Masculino,chile,Costanera Center Stage,30 minutos,no,Sabado
2023,Suki Waterhouse,solista,Femenino,reino Unido,Axe Stage,60 minutos,no,Sabado
2023,Tame Impala,banda,Masculino,Australia,Banco de Chile Stage,90 minutos,si,domingo
2023,The 1975,Banda,Masculino,reino Unido,Costanera Center Stage,60 minutos,no,domingo
2023,The Rose,Banda,Masculino,corea del sur,Axe Stage,60 minutos,no,Sabado
2023,Tikitkiklip,Banda,Mixto,chile,Kidzapalooza,45 minutos,no,viernes
2023,Tikitkiklip,banda,Mixto,chile,Kidzapalooza,45 minutos,no,domingo
2023,Tokischa,solista,Femenino,republica dominicana,Perry Stage by Costanera Center,60 minutos,no,viernes
2023,Tom D. Rocka,solista,Masculino,chile,Aldea Verde Stage,45 minutos,no,viernes
2023,Tove Lo,solista,Femenino,suecia,Costanera Center Stage,60 minutos,no,Sabado
2023,Twenty One Pilots,banda,Masculino,estados Unidos,Costanera Center Stage,90 minutos,si,domingo
2023,Usted Señalemelo,Banda,Masculino,argentina,Costanera Center Stage,45 minutos,no,viernes
2023,Vicente Cifuentes,solista,Masculino,chile,Aldea Verde Stage,45 minutos,no,viernes
2023,Villano Antillano,solista,Femenino,puerto rico,Banco de Chile Stage,45 minutos,no,Sabado
2023,Wallows,Banda,Masculino,estados Unidos,Costanera Center Stage,60 minutos,no,domingo
2023,Yael Meyer,solista,Femenino,chile,Aldea Verde Stage,45 minutos,no,Sabado
2023,Young Cister,solista,Masculino,chile,Costanera Center Stage,45 minutos,no,Sabado
2023,Young Miko,solista,Femenino,puerto rico,Perry Stage by Costanera Center,45 minutos,no,Sabado
2023,YSY A,solista,Masculino,argentina,Perry Stage by Costanera Center,60 minutos,no,domingo
2023,Yungblud,solista,Masculino,reino Unido,Banco de Chile Stage,60 minutos,no,domingo
2024,Above & Beyond,banda,Masculino,reino Unido,Perry's Stage by Cenco Malls,60 minutos,no,domingo
2024,Akriila,solista,Femenino,chile,Perry's Stage by Cenco Malls,45 minutos,no,viernes
2024,Alejo,solista,Masculino,puerto rico,Perry's Stage by Cenco Malls,45 minutos,no,domingo
2024,Ambar Luna,solista,Femenino,chile,Lotus Stage,45 minutos,no,domingo
2024,Ana Tijoux,solista,Femenino,chile,Alternative Stage,60 minutos,no,domingo
2024,Andres Nusser,solista,Masculino,chile,Lotus Stage,45 minutos,no,sabado
2024,Arcade Fire,banda,Mixto,canada,Banco de Chile Stage,90 minutos,si,sabado
2024,Aura Bae,solista,Femenino,chile,Perry's Stage by Cenco Malls,30 minutos,no,sabado
2024,Bad Milk,solista,Femenino,Colombia,Perry's Stage by Cenco Malls,45 minutos,no,viernes
2024,Batalla de gallos,banda,Mixto,chile,Lotus Stage,60 minutos,no,sabado
2024,BB Trickz,solista,Femenino,españa,Alternative Stage,30 minutos,no,sabado
2024,Bhavi,solista,Masculino,argentina,Perry's Stage by Cenco Malls,45 minutos,no,viernes
2024,Blink-182,banda,Masculino,estados Unidos,cenco Mall Stage,90 minutos,si,sabado
2024,Bratty,solista,Femenino,mexico,Cenco Mall Stage,45 minutos,no,viernes
2024,Cami ,solista,Femenino,chile,Alternative Stage,60 minutos,no,sabado
2024,Ceaese,solista,Masculino,chile,Perry's Stage by Cenco Malls,45 minutos,no,viernes
2024,Chyste Mc,solista,Masculino,chile,Banco de Chile Stage,45 minutos,no,domingo
2024,Congreso,banda,Masculino,chile,Lotus Stage,60 minutos,no,domingo
2024,Dalex,solista,Masculino,estados Unidos,Perry's Stage by Cenco Malls,60 minutos,no,Sabado
2024,Dayglow,solista,Masculino,estados Unidos,Banco de Chile Stage,60 minutos,no,viernes
2024,De tu cuna a tu tumba,banda,Mixto,chile,Kidzapalooza,45 minutos,no,sabado
2024,Denisse Rosenthal,solista,Femenino,chile,cenco Mall Stage,45 minutos,no,domingo
2024,Diamante Electrico,banda,Masculino,Colombia,Lotus Stage,60 minutos,no,viernes
2024,Diplo,solista,Masculino,estados Unidos,Banco de Chile Stage,60 minutos,no,Sabado
2024,Diplo,solista,Masculino,estados Unidos,Perry's Stage by Cenco Malls,60 minutos,no,sabado
2024,Dj Tee,solista,Masculino,chile,Perry's Stage by Cenco Malls,45 minutos,no,Sabado
2024,Dj Who,solista,Masculino,chile,Perry's Stage by Cenco Malls,60 minutos,no,domingo
2024,Dom Dolla,solista,Masculino,estados Unidos,Perry's Stage by Cenco Malls,60 minutos,no,Sabado
2024,Dombresky,solista,Masculino,estados Unidos,Perry's Stage by Cenco Malls,60 minutos,no,viernes
2024,Easykid,solista,Masculino,chile,Perry's Stage by Cenco Malls,75 minutos,no,domingo
2024,El Barco Volador,banda,Mixto,chile,Kidzapalooza,45 minutos,no,domingo
2024,El Mato un Policia Motorizado,banda,Masculino,argentina,Alternative Stage,60 minutos,no,viernes
2024,El significado de las flores,banda,Mixto,chile,Lotus Stage,30 minutos,no,viernes
2024,Estoy Bien,banda,Masculino,chile,Alternative Stage,30 minutos,no,domingo
2024,Facebrooklyn,solista,Masculino,chile,Alternative Stage,45 minutos,no,domingo
2024,Farmacos,banda,Masculino,chile,Alternative Stage,45 minutos,no,sabado
2024,Feid,solista,Masculino,Colombia,Cenco Mall Stage,90 minutos,si,viernes
2024,Fletcher,solista,Femenino,chile,cenco Mall Stage,60 minutos,no,sabado
2024,Florian,solista,Masculino,argentina,Alternative Stage,45 minutos,no,viernes
2024,Francisca Valenzuela,solista,Femenino,chile,Banco de Chile Stage,60 minutos,no,sabado
2024,Francisco Victoria,solista,Masculino,chile,Lotus Stage,45 minutos,no,Sabado
2024,Gale,solista,Femenino,puerto rico,Banco de Chile Stage,45 minutos,no,viernes
2024,Glup!,banda,Masculino,chile,cenco Mall Stage,45 minutos,no,Sabado
2024,Gonzalo Yañez,solista,Masculino,chile,Alternative Stage,30 minutos,no,domingo
2024,Grupo frontera,banda,Masculino,mexico,Banco de Chile Stage,60 minutos,no,domingo
2024,Guaypes Club,banda,Mixto,chile,Kidzapalooza,45 minutos,no,viernes
2024,Hola Flinko,banda,Mixto,chile,Kidzapalooza,45 minutos,no,domingo
2024,Hozier,solista,Masculino,Irlanda,Banco de Chile Stage,60 minutos,no,viernes
2024,Jere Klein,solista,Masculino,chile,cenco Mall Stage,60 minutos,no,domingo
2024,Jessie Reyez,solista,Femenino,canada,Cenco Mall Stage,60 minutos,no,viernes
2024,Jose Madero,solista,Masculino,mexico,Alternative Stage,60 minutos,no,Sabado
2024,Jungle,banda,Masculino,reino Unido,Banco de Chile Stage,60 minutos,no,domingo
2024,Kenia Os,solista,Femenino,mexico,Cenco Mall Stage,45 minutos,no,viernes
2024,Kidd Voodo,solista,Masculino,chile,Perry's Stage by Cenco Malls,45 minutos,no,sabado
2024,King Gizzard & the Lizard Wizard,banda,Masculino,Australia,Alternative Stage,60 minutos,no,viernes
2024,Kinmakiru,banda,Mixto,chile,Lotus Stage,30 minutos,no,domingo
2024,Laia,banda,Femenino,chile,Lotus Stage,30 minutos,no,domingo
2024,Latin Mafia,banda,Masculino,mexico,Perry's Stage by Cenco Malls,45 minutos,no,viernes
2024,Leon Larregui,solista,Masculino,mexico,Alternative Stage,45 minutos,no,viernes
2024,Limp Bizkit,banda,Masculino,estados Unidos,Banco de Chile Stage,60 minutos,si,viernes
2024,Los Mesoneros,banda,Masculino,venezuela,cenco Mall Stage,45 minutos,no,Domingo
2024,Los Miserables,banda,Masculino,chile,Lotus Stage,45 minutos,no,sabado
2024,Los Pericos,banda,Masculino,argentina,Lotus Stage,60 minutos,no,viernes
2024,Los Pulentos,banda,Mixto,chile,Kidzapalooza,45 minutos,no,viernes
2024,Loud Luxury,banda,Masculino,canada,Perry's Stage by Cenco Malls,60 minutos,no,domingo
2024,LSV,solista,Masculino,chile,Perry's Stage by Cenco Malls,30 minutos,no,domingo
2024,Lua Lacruz,solista,Femenino,chile,Perry's Stage by Cenco Malls,30 minutos,no,sabado
2024,Machuca,banda,Masculino,chile,Banco de Chile Stage,45 minutos,no,viernes
2024,Meduza,banda,Masculino,italia,Banco de Chile Stage,75 minutos,no,viernes
2024,MK ,solista,Masculino,estados Unidos,Perry's Stage by Cenco Malls,60 minutos,no,sabado
2024,Mombasa,banda,Mixto,chile,Kidzapalooza,45 minutos,no,sabado
2024,Monsieur Periné,banda,Mixto,Colombia,Banco de Chile Stage,60 minutos,no,Sabado
2024,Movimiento Original,banda,Masculino,chile,Alternative Stage,60 minutos,no,sabado
2024,Muerdo,solista,Masculino,españa,Alternative Stage,45 minutos,no,viernes
2024,Nicole,solista,Femenino,chile,Banco de Chile Stage,50 minutos,no,domingo
2024,Nothing But Thieves,banda,Masculino,reino Unido,Alternative Stage,60 minutos,no,domingo
2024,NSQK,solista,Masculino,mexico,Perry's Stage by Cenco Malls,45 minutos,no,domingo
2024,Omar Apollo,solista,Masculino,estados Unidos,Alternative Stage,60 minutos,no,domingo
2024,Organik,banda,Mixto,chile,Kidzapalooza,45 minutos,no,domingo
2024,Orquesta de la fuerza aerea,banda,Mixto,chile,Kidzapalooza,45 minutos,no,sabado
2024,Orquesta de la fuerza aerea,banda,Mixto,chile,cenco Mall Stage,30 minutos,no,Domingo
2024,Overmono,banda,Masculino,reino Unido,Perry's Stage by Cenco Malls,60 minutos,no,viernes
2024,Pablito Pesadilla,solista,Masculino,chile,Perry's Stage by Cenco Malls,45 minutos,no,sabado
2024,Payaso Plim Plim,banda,Mixto,argentina,Kidzapalooza,45 minutos,no,domingo
2024,Phoenix,banda,Masculino,francia,cenco Mall Stage,60 minutos,no,domingo
2024,Pierce The Veil,banda,Masculino,estados Unidos,Alternative Stage,60 minutos,no,viernes
2024,Rainao,solista,Femenino,puerto rico,Perry's Stage by Cenco Malls,45 minutos,no,sabado
2024,Ratoncito Dulces sueños,banda,Mixto,chile,Kidzapalooza,45 minutos,no,Sabado
2024,Saiko,solista,Masculino,españa,Perry's Stage by Cenco Malls,45 minutos,no,domingo
2024,Saiko ,banda,Mixto,chile,Lotus Stage,60 minutos,no,domingo
2024,Sam Smith,solista,Masculino,reino Unido,Banco de Chile Stage,90 minutos,si,domingo
2024,School of Rock,banda,Mixto,chile,Kidzapalooza,45 minutos,no,viernes
2024,SZA,solista,Femenino,estados Unidos,cenco Mall Stage,75 minutos,si,domingo
2024,Taiu,solista,Masculino,argentina,Perry's Stage by Cenco Malls,45 minutos,no,domingo
2024,Tenemos Explosivos,banda,Masculino,chile,Lotus Stage,30 minutos,no,sabado
2024,The Alive,banda,Masculino,estados Unidos,Lotus Stage,45 minutos,no,Sabado
2024,The Blaze,banda,Masculino,francia,Alternative Stage,60 minutos,no,Sabado
2024,The Driver Era,banda,Masculino,estados Unidos,Alternative Stage,60 minutos,no,domingo
2024,The Offspring,banda,Masculino,estados Unidos,cenco Mall Stage,60 minutos,no,Sabado
2024,Thirty Seconds to Mars,banda,Masculino,estados Unidos,Cenco Mall Stage,60 minutos,no,viernes
2024,Tiano Bless,solista,Masculino,chile,Lotus Stage,45 minutos,no,viernes
2024,Tikitkiklip,banda,Mixto,chile,Kidzapalooza,45 minutos,no,viernes
2024,Timmy Trumpet,solista,Masculino,Australia,Perry's Stage by Cenco Malls,60 minutos,no,domingo
2024,Tronic,banda,Masculino,chile,cenco Mall Stage,45 minutos,no,sabado
2024,Verito Aspirilla,solista,Femenino,Colombia,Banco de Chile Stage,45 minutos,no,sabado
2024,Ximena Sarañana,solista,Femenino,mexico,Lotus Stage,45 minutos,no,viernes
2024,Yami Safdie,solista,Femenino,argentina,Lotus Stage,45 minutos,no,domingo
2024,Zhu,solista,Masculino,estados Unidos,Perry's Stage by Cenco Malls,60 minutos,no,viernes
2025,Abrildefresa,solista,Masculino,chile,Perry's Stage by Cenco Malls,30 minutos,no,viernes
2025,Alanis Morissette,solista,Femenino,canada,Banco de Chile Stage,90 minutos,si,sabado
2025,Arde Bogota,banda,Masculino,españa,Banco de Chile Stage,45 minutos,no,domingo
2025,ARON,solista,Masculino,españa,Perry's Stage by Cenco Malls,45 minutos,no,sabado
2025,Artemas,solista,Masculino,reino Unido,Smart Fit Stage,60 minutos,no,domingo
2025,Babadu,banda,Mixto,chile,Kidzapalooza,45 minutos,no,viernes
2025,Babasonicos,banda,Masculino,argentina,cenco Mall Stage,60 minutos,no,sabado
2025,Balthvs,banda,Mixto,Colombia,Smart Fit Stage,45 minutos,no,viernes
2025,Barry Cant Swim,solista,Masculino,escocia,Perry's Stage by Cenco Malls,60 minutos,no,sabado
2025,Batalla de gallos,banda,Mixto,chile,Perry's Stage by Cenco Malls,45 minutos,no,domingo
2025,Benson Boone,solista,Masculino,estados Unidos,cenco Mall Stage,60 minutos,no,viernes
2025,Blond:ish,banda,Femenino,canada,Perry's Stage by Cenco Malls,60 minutos,no,sabado
2025,Ca7riel & Paco Amoroso,banda,Masculino,argentina,Smart Fit Stage,60 minutos,no,sabado
2025,Cancamusa,solista,Femenino,chile,Smart Fit Stage,45 minutos,no,domingo
2025,Candelabro,banda,Mixto,chile,Smart Fit Stage,30 minutos,no,domingo
2025,Caribou,solista,Masculino,canada,Smart Fit Stage,60 minutos,no,viernes
2025,Chances,banda,Masculino,chile,Banco de Chile Stage,30 minutos,no,domingo
2025,Charlotte de Witte,solista,Femenino,belgica,Perry's Stage by Cenco Malls,60 minutos,no,sabado
2025,Claudio Narea,solista,Masculino,chile,Smart Fit Stage,60 minutos,no,viernes
2025,Concierto Deltimbaltum,banda,Mixto,chile,Kidzapalooza,45 minutos,no,domingo
2025,Confio en tus amigos,banda,Masculino,chile,Smart Fit Stage,30 minutos,no,sabado
2025,Dante Spinetta,solista,Masculino,argentina,cenco Mall Stage,45 minutos,no,viernes
2025,Dezko,solista,Masculino,Colombia,Perry's Stage by Cenco Malls,45 minutos,no,viernes
2025,Dillom,solista,Masculino,argentina,Perry's Stage by Cenco Malls,45 minutos,no,domingo
2025,Disco Lines,solista,Masculino,estados Unidos,Perry's Stage by Cenco Malls,60 minutos,no,viernes
2025,Drefquila,solista,Masculino,chile,Perry's Stage by Cenco Malls,45 minutos,no,sabado
2025,El Malilla,solista,Masculino,mexico,Perry's Stage by Cenco Malls,45 minutos,no,sabado
2025,El Musical de Fiu,banda,Mixto,chile,Kidzapalooza,45 minutos,no,domingo
2025,Eladio Carrion,solista,Masculino,puerto rico,Perry's Stage by Cenco Malls,30 minutos,no,viernes
2025,Elena Rose,solista,Femenino,venezuela,Banco de Chile Stage,45 minutos,no,viernes
2025,Foster the People,banda,Masculino,estados Unidos,cenco Mall Stage,60 minutos,no,sabado
2025,Francisco Victoria,solista,Masculino,chile,Smart Fit Stage,45 minutos,no,sabado
2025,Girl in Red,solista,Femenino,noruega,Banco de Chile Stage,60 minutos,no,viernes
2025,Hordatoj,solista,Masculino,chile,Perry's Stage by Cenco Malls,45 minutos,no,sabado
2025,Indios,banda,Masculino,argentina,cenco Mall Stage,45 minutos,no,viernes
2025,Inhaler,banda,Masculino,Irlanda,Banco de Chile Stage,60 minutos,no,domingo
2025,Israel Vibration y Roots Radics,banda,Masculino,jamaica,Smart Fit Stage,45 minutos,no,domingo
2025,James Hype,solista,Masculino,reino Unido,Perry's Stage by Cenco Malls,60 minutos,no,viernes
2025,Joe Vasconcellos,solista,Masculino,chile,cenco Mall Stage,60 minutos,no,viernes
2025,Justin Timberlake,solista,Masculino,estados Unidos,cenco Mall Stage,90 minutos,si,sabado
2025,Kanto,banda,Mixto,chile,Kidzapalooza,45 minutos,no,domingo
2025,Karla Grunewaldt,solista,Femenino,chile,Banco de Chile Stage,30 minutos,no,sabado
2025,Kasablanca,banda,Masculino,canada,Perry's Stage by Cenco Malls,60 minutos,no,domingo
2025,Killua97,solista,Masculino,chile,Perry's Stage by Cenco Malls,30 minutos,no,domingo
2025,kuina,solista,Femenino,chile,Perry's Stage by Cenco Malls,30 minutos,no,domingo
2025,Kya,solista,Femenino,chile,Perry's Stage by Cenco Malls,30 minutos,no,sabado
2025,L-Gante,solista,Masculino,argentina,Perry's Stage by Cenco Malls,45 minutos,no,viernes
2025,Lara Project,banda,Masculino,venezuela,Smart Fit Stage,60 minutos,no,sabado
2025,lasso,solista,Masculino,venezuela,cenco Mall Stage,60 minutos,no,sabado
2025,Los Mocosos,banda,Masculino,puerto rico,Kidzapalooza,45 minutos,no,viernes
2025,Los Petifellas,banda,Masculino,Colombia,Smart Fit Stage,45 minutos,no,viernes
2025,Los Tres,banda,Mixto,chile,cenco Mall Stage,60 minutos,no,domingo
2025,Lucybell,banda,Masculino,chile,cenco Mall Stage,60 minutos,no,domingo
2025,Marina Reche,solista,Femenino,españa,Smart Fit Stage,45 minutos,no,viernes
2025,Micheal Kiwanuka,solista,Masculino,reino Unido,Smart Fit Stage,60 minutos,no,viernes
2025,Micro TDH,solista,Masculino,venezuela,Perry's Stage by Cenco Malls,45 minutos,no,domingo
2025,Mon Laferte,solista,Femenino,chile,Smart Fit Stage,60 minutos,no,sabado
2025,Nathy Peluso,solista,Femenino,argentina,Banco de Chile Stage,60 minutos,no,sabado
2025,Nessa Barrett,solista,Femenino,estados Unidos,Smart Fit Stage,60 minutos,no,sabado
2025,Olivia Rodrigo,solista,Femenino,estados Unidos,cenco Mall Stage,90 minutos,si,viernes
2025,Ovy on the Drums,solista,Masculino,Colombia,Perry's Stage by Cenco Malls,60 minutos,no,domingo
2025,Pablopablo,solista,Masculino,españa,Smart Fit Stage,45 minutos,no,sabado
2025,Parcels,banda,Mixto,Australia,Banco de Chile Stage,60 minutos,no,sabado
2025,Polima Westcoast,solista,Masculino,chile,Perry's Stage by Cenco Malls,45 minutos,no,viernes
2025,Ratoncito Dulces sueños,banda,Mixto,chile,Kidzapalooza,45 minutos,no,sabado
2025,Rawayana,banda,Masculino,venezuela,Banco de Chile Stage,60 minutos,no,viernes
2025,resonancia eterea,banda,Masculino,chile,Banco de Chile Stage,45 minutos,no,sabado
2025,Rufus Du Sol,banda,Masculino,Australia,Banco de Chile Stage,75 minutos,si,viernes
2025,San Holo,solista,Masculino,holanda,Perry's Stage by Cenco Malls,60 minutos,no,domingo
2025,School of Rock,banda,Mixto,chile,Kidzapalooza,45 minutos,no,sabado
2025,Seamoon,solista,Femenino,chile,cenco Mall Stage,45 minutos,no,sabado
2025,Sepultura,banda,Masculino,brazil,Smart Fit Stage,60 minutos,no,domingo
2025,Shawn Mendes,solista,Masculino,canada,Banco de Chile Stage,90 minutos,si,domingo
2025,"Sherk, el musical",banda,Mixto,chile,Kidzapalooza,45 minutos,no,sabado
2025,Soulfia,solista,Femenino,chile,Banco de Chile Stage,45 minutos,no,viernes
2025,Taichu,solista,Femenino,argentina,Perry's Stage by Cenco Malls,45 minutos,no,viernes
2025,Tate Mcrae,solista,Femenino,canada,Banco de Chile Stage,60 minutos,no,domingo
2025,Teddy Swims,solista,Masculino,estados Unidos,Smart Fit Stage,60 minutos,no,domingo
2025,The Marias,banda,Mixto,estados Unidos,cenco Mall Stage,60 minutos,no,domingo
2025,Tool,banda,Masculino,estados Unidos,cenco Mall Stage,90 minutos,si,domingo
2025,Topa,solista,Masculino,argentina,Kidzapalooza,45 minutos,no,viernes
2025,Turf,banda,Masculino,argentina,cenco Mall Stage,45 minutos,no,domingo
2025,Wave to earth,banda,Masculino,corea del sur,Smart Fit Stage,60 minutos,no,domingo
2025,Wen Bros,banda,Masculino,chile,Perry's Stage by Cenco Malls,45 minutos,no,sabado
2025,Zedd,solista,Masculino,alemania,Perry's Stage by Cenco Malls,60 minutos,no,domingo